-- phpMyAdmin SQL Dump
-- version 3.4.5
-- http://www.phpmyadmin.net
--
-- Host: localhost
-- Generation Time: Mar 19, 2014 at 05:41 AM
-- Server version: 5.5.16
-- PHP Version: 5.3.8

SET SQL_MODE="NO_AUTO_VALUE_ON_ZERO";
SET time_zone = "+00:00";


/*!40101 SET @OLD_CHARACTER_SET_CLIENT=@@CHARACTER_SET_CLIENT */;
/*!40101 SET @OLD_CHARACTER_SET_RESULTS=@@CHARACTER_SET_RESULTS */;
/*!40101 SET @OLD_COLLATION_CONNECTION=@@COLLATION_CONNECTION */;
/*!40101 SET NAMES utf8 */;

--
-- Database: `khiars`
--
CREATE DATABASE `khiars` DEFAULT CHARACTER SET latin1 COLLATE latin1_swedish_ci;
USE `khiars`;

-- --------------------------------------------------------

--
-- Table structure for table `accountrecords`
--

CREATE TABLE IF NOT EXISTS `accountrecords` (
  `accountRecordsNo` int(10) unsigned NOT NULL AUTO_INCREMENT COMMENT 'This is autoincrement identifier for this table',
  `contractNo` int(7) unsigned zerofill NOT NULL DEFAULT '0000000',
  `joiningFeePlan` int(10) unsigned NOT NULL DEFAULT '0' COMMENT 'This links to the plan table, which links to adminfee table. Find rules in plan table',
  `adminFeePayable` decimal(10,2) NOT NULL DEFAULT '0.00' COMMENT 'This is always R1500',
  `adminFeeBalance` decimal(10,2) NOT NULL DEFAULT '0.00' COMMENT 'This is R1500 - (plan type fee)',
  `adminFeeStartDate` datetime NOT NULL DEFAULT '0000-00-00 00:00:00',
  `subscriptionBalance` decimal(10,2) NOT NULL DEFAULT '0.00' COMMENT 'This is how much you owe based on the amount of months for your plan',
  `noInstalmentsBalance` int(10) unsigned NOT NULL DEFAULT '0',
  `subscriptionStartDate` datetime NOT NULL DEFAULT '0000-00-00 00:00:00',
  `firstSuccessfulPayDate` datetime NOT NULL,
  PRIMARY KEY (`accountRecordsNo`)
) ENGINE=InnoDB  DEFAULT CHARSET=latin1 AUTO_INCREMENT=696 ;

--
-- Dumping data for table `accountrecords`
--

INSERT INTO `accountrecords` (`accountRecordsNo`, `contractNo`, `joiningFeePlan`, `adminFeePayable`, `adminFeeBalance`, `adminFeeStartDate`, `subscriptionBalance`, `noInstalmentsBalance`, `subscriptionStartDate`, `firstSuccessfulPayDate`) VALUES
(1, 0000001, 1, '1500.00', '1500.00', '2013-12-15 00:00:00', '23700.00', 60, '2014-01-15 00:00:00', '0000-00-00 00:00:00'),
(2, 0000002, 1, '1500.00', '1500.00', '2013-12-15 00:00:00', '23700.00', 60, '2014-01-15 00:00:00', '0000-00-00 00:00:00'),
(3, 0000003, 1, '1500.00', '1500.00', '2013-12-15 00:00:00', '23700.00', 60, '2014-01-15 00:00:00', '0000-00-00 00:00:00'),
(6, 0000006, 1, '1500.00', '1500.00', '2013-12-25 00:00:00', '23700.00', 60, '2014-01-25 00:00:00', '0000-00-00 00:00:00'),
(11, 0000011, 1, '1500.00', '1500.00', '2013-11-30 00:00:00', '23700.00', 60, '2013-12-30 00:00:00', '0000-00-00 00:00:00'),
(14, 0000014, 1, '1500.00', '1500.00', '2014-01-15 00:00:00', '23700.00', 60, '2014-02-15 00:00:00', '0000-00-00 00:00:00'),
(19, 0000019, 1, '1500.00', '1500.00', '2013-11-30 00:00:00', '23700.00', 60, '2013-12-30 00:00:00', '0000-00-00 00:00:00'),
(49, 0000049, 1, '1500.00', '1500.00', '2014-01-31 00:00:00', '23700.00', 60, '2014-03-03 00:00:00', '0000-00-00 00:00:00'),
(133, 0000133, 2, '1500.00', '750.00', '2014-01-13 00:00:00', '23700.00', 60, '2014-03-13 00:00:00', '0000-00-00 00:00:00'),
(174, 0000174, 2, '1500.00', '750.00', '2014-02-28 00:00:00', '23700.00', 60, '2014-04-28 00:00:00', '0000-00-00 00:00:00'),
(175, 0000175, 2, '1500.00', '750.00', '2014-01-31 00:00:00', '23700.00', 60, '2014-03-31 00:00:00', '0000-00-00 00:00:00'),
(183, 0000183, 2, '1500.00', '750.00', '2014-01-27 00:00:00', '23700.00', 60, '2014-03-27 00:00:00', '0000-00-00 00:00:00'),
(208, 0000208, 1, '1500.00', '1500.00', '2014-01-31 00:00:00', '23700.00', 60, '2014-03-03 00:00:00', '0000-00-00 00:00:00'),
(231, 0000231, 2, '1500.00', '750.00', '2014-01-20 00:00:00', '23700.00', 60, '2013-12-05 00:00:00', '0000-00-00 00:00:00'),
(258, 0000258, 2, '1500.00', '750.00', '2014-01-05 00:00:00', '23700.00', 60, '2014-03-05 00:00:00', '0000-00-00 00:00:00'),
(262, 0000262, 1, '1500.00', '1500.00', '2014-01-05 00:00:00', '23700.00', 60, '2014-02-05 00:00:00', '0000-00-00 00:00:00'),
(266, 0000266, 1, '1500.00', '1500.00', '2014-01-05 00:00:00', '23700.00', 60, '2014-02-05 00:00:00', '0000-00-00 00:00:00'),
(271, 0000271, 1, '1500.00', '1500.00', '2014-01-31 00:00:00', '23700.00', 60, '2014-03-03 00:00:00', '0000-00-00 00:00:00'),
(282, 0000282, 1, '1500.00', '1500.00', '2014-01-07 00:00:00', '23700.00', 60, '2014-02-07 00:00:00', '0000-00-00 00:00:00'),
(287, 0000288, 1, '1500.00', '1500.00', '2014-01-23 00:00:00', '23700.00', 60, '2014-02-23 00:00:00', '0000-00-00 00:00:00'),
(290, 0000291, 1, '1500.00', '1500.00', '2013-12-15 00:00:00', '23700.00', 60, '2014-01-15 00:00:00', '0000-00-00 00:00:00'),
(311, 0000311, 1, '1500.00', '1500.00', '2014-02-28 00:00:00', '23700.00', 60, '2014-03-28 00:00:00', '0000-00-00 00:00:00'),
(317, 0000317, 1, '1500.00', '1500.00', '2014-01-28 00:00:00', '23700.00', 60, '2014-02-28 00:00:00', '0000-00-00 00:00:00'),
(539, 0000539, 1, '1500.00', '1500.00', '2013-11-27 00:00:00', '23700.00', 60, '2013-12-27 00:00:00', '0000-00-00 00:00:00'),
(546, 0000546, 1, '1500.00', '1500.00', '2013-11-30 00:00:00', '23700.00', 60, '2013-12-30 00:00:00', '0000-00-00 00:00:00'),
(556, 0000556, 1, '1500.00', '1500.00', '2013-11-30 00:00:00', '23700.00', 60, '2013-12-30 00:00:00', '0000-00-00 00:00:00'),
(596, 0000596, 1, '1500.00', '1500.00', '2014-01-31 00:00:00', '23700.00', 60, '2014-03-03 00:00:00', '0000-00-00 00:00:00'),
(600, 0000600, 1, '1500.00', '1500.00', '2013-12-01 00:00:00', '23700.00', 60, '2014-01-01 00:00:00', '0000-00-00 00:00:00'),
(601, 0000601, 1, '1500.00', '1500.00', '2013-12-25 00:00:00', '23700.00', 60, '2014-01-25 00:00:00', '0000-00-00 00:00:00'),
(665, 0000665, 1, '1500.00', '1500.00', '2013-11-27 00:00:00', '23700.00', 60, '2013-12-27 00:00:00', '0000-00-00 00:00:00'),
(666, 0000666, 1, '1500.00', '1500.00', '2013-11-30 00:00:00', '23700.00', 60, '2013-12-30 00:00:00', '0000-00-00 00:00:00'),
(670, 0000670, 1, '1500.00', '1500.00', '2013-12-02 00:00:00', '23700.00', 60, '2014-01-02 00:00:00', '0000-00-00 00:00:00'),
(676, 0000676, 1, '1500.00', '1500.00', '2013-12-29 00:00:00', '23700.00', 60, '2014-01-29 00:00:00', '0000-00-00 00:00:00'),
(690, 0000690, 1, '1500.00', '1500.00', '2014-01-30 00:00:00', '23700.00', 60, '2014-03-02 00:00:00', '0000-00-00 00:00:00'),
(691, 0000691, 1, '1500.00', '1500.00', '2014-02-27 00:00:00', '23700.00', 60, '2014-03-27 00:00:00', '0000-00-00 00:00:00'),
(693, 0000693, 1, '1500.00', '1500.00', '2014-01-31 00:00:00', '23700.00', 60, '2014-03-03 00:00:00', '0000-00-00 00:00:00'),
(695, 0000695, 1, '1500.00', '1500.00', '2013-11-13 00:00:00', '23700.00', 60, '2013-12-13 00:00:00', '0000-00-00 00:00:00');

-- --------------------------------------------------------

--
-- Table structure for table `adminplan`
--

CREATE TABLE IF NOT EXISTS `adminplan` (
  `id` int(5) unsigned NOT NULL AUTO_INCREMENT,
  `feeSplit` int(5) NOT NULL DEFAULT '0' COMMENT 'The actual fee to split over the months',
  `adminCommission` float NOT NULL COMMENT '(%) This is a commission earned on the admin fee you pay',
  PRIMARY KEY (`id`)
) ENGINE=InnoDB  DEFAULT CHARSET=latin1 AUTO_INCREMENT=4 ;

--
-- Dumping data for table `adminplan`
--

INSERT INTO `adminplan` (`id`, `feeSplit`, `adminCommission`) VALUES
(1, 1500, 20),
(2, 750, 20),
(3, 500, 20);

-- --------------------------------------------------------

--
-- Table structure for table `commissionlevel`
--

CREATE TABLE IF NOT EXISTS `commissionlevel` (
  `commissionLevel` int(10) unsigned NOT NULL AUTO_INCREMENT COMMENT 'Auto increment identifier',
  `commission` float NOT NULL DEFAULT '0' COMMENT '(%) percentage',
  `qualifyingUsers` int(10) unsigned NOT NULL DEFAULT '0' COMMENT 'This specifies how many users you need in this level to be eligible for commission',
  `levelName` varchar(45) NOT NULL DEFAULT '',
  PRIMARY KEY (`commissionLevel`)
) ENGINE=InnoDB  DEFAULT CHARSET=latin1 AUTO_INCREMENT=8 ;

--
-- Dumping data for table `commissionlevel`
--

INSERT INTO `commissionlevel` (`commissionLevel`, `commission`, `qualifyingUsers`, `levelName`) VALUES
(1, 12, 10, 'Wealth Creator One'),
(2, 26, 100, 'Wealth Creator Two'),
(3, 15, 1000, 'Wealth Creator Three'),
(4, 9, 10000, 'Wealth Creator Four'),
(5, 5, 100000, 'Wealth Creator Five'),
(6, 3, 1000000, 'Wealth Creator Six'),
(7, 3, 10000000, 'Wealth Creator Seven');

-- --------------------------------------------------------

--
-- Table structure for table `creatorbonus`
--

CREATE TABLE IF NOT EXISTS `creatorbonus` (
  `bonusLevel` int(10) unsigned NOT NULL AUTO_INCREMENT,
  `name` varchar(50) NOT NULL COMMENT 'The name of the actual bonus type',
  `commission` decimal(10,0) NOT NULL DEFAULT '0',
  `qualifyingUsers` int(10) unsigned NOT NULL DEFAULT '0',
  `WCQMinLevel` int(2) NOT NULL,
  `WCQMaxLevel` int(2) NOT NULL,
  `qualifyingPeriod` int(10) unsigned NOT NULL DEFAULT '0',
  PRIMARY KEY (`bonusLevel`)
) ENGINE=InnoDB  DEFAULT CHARSET=latin1 AUTO_INCREMENT=13 ;

--
-- Dumping data for table `creatorbonus`
--

INSERT INTO `creatorbonus` (`bonusLevel`, `name`, `commission`, `qualifyingUsers`, `WCQMinLevel`, `WCQMaxLevel`, `qualifyingPeriod`) VALUES
(1, 'Mount Kilimanjaro 15', '350', 15, 1, 1, 6),
(2, 'Mount Kilimanjaro 30', '1300', 30, 1, 2, 6),
(3, 'Mount Kilimanjaro 60', '1800', 60, 1, 3, 12),
(4, 'Mount Kilimanjaro 100', '2500', 100, 1, 4, 12),
(5, 'Mount Kilimanjaro 250', '3500', 250, 1, 5, 12),
(6, 'Mount Kilimanjaro 500', '4500', 500, 1, 5, 12),
(7, 'Mount Kilimanjaro 700', '5500', 700, 1, 5, 12),
(8, 'Mount Everest 1000', '7000', 1000, 1, 6, 12),
(9, 'Mount Everest 1500', '9000', 1500, 1, 7, 24),
(10, 'Mount Everest 2000', '12500', 2000, 1, 7, 24),
(11, 'Mount Everest 3000', '17000', 3000, 1, 7, 36),
(12, 'Mount Everest 5000', '25000', 5000, 1, 7, 36);

-- --------------------------------------------------------

--
-- Table structure for table `customer`
--

CREATE TABLE IF NOT EXISTS `customer` (
  `contractNo` int(7) unsigned zerofill NOT NULL,
  `customerTitle` varchar(10) NOT NULL DEFAULT '',
  `customerFirstName` varchar(50) NOT NULL DEFAULT '',
  `customerLastName` varchar(50) NOT NULL DEFAULT '',
  `customerInitials` varchar(5) NOT NULL DEFAULT '',
  `idNo` int(13) unsigned NOT NULL DEFAULT '0',
  `phoneNo` varchar(10) NOT NULL DEFAULT '',
  `email` varchar(50) NOT NULL DEFAULT '',
  `addressLine1` varchar(100) NOT NULL DEFAULT '',
  `addressLine2` varchar(100) NOT NULL DEFAULT '',
  `city` varchar(50) NOT NULL DEFAULT '',
  `province` varchar(50) NOT NULL DEFAULT '',
  `postalCode` varchar(10) NOT NULL DEFAULT '',
  `employed` char(3) NOT NULL DEFAULT '',
  `occupation` varchar(50) NOT NULL DEFAULT '',
  `joinDate` datetime NOT NULL DEFAULT '0000-00-00 00:00:00',
  `place` varchar(50) NOT NULL COMMENT 'registration place',
  `introducerNo` int(7) unsigned zerofill NOT NULL DEFAULT '0000000',
  `bonusLevel` int(10) DEFAULT NULL,
  `active` int(1) NOT NULL DEFAULT '0' COMMENT '0 is inactive 1 is active',
  `block` int(1) NOT NULL DEFAULT '0' COMMENT '0 is unblocked 1 is blocked',
  PRIMARY KEY (`contractNo`) USING BTREE
) ENGINE=InnoDB DEFAULT CHARSET=latin1;

--
-- Dumping data for table `customer`
--

INSERT INTO `customer` (`contractNo`, `customerTitle`, `customerFirstName`, `customerLastName`, `customerInitials`, `idNo`, `phoneNo`, `email`, `addressLine1`, `addressLine2`, `city`, `province`, `postalCode`, `employed`, `occupation`, `joinDate`, `place`, `introducerNo`, `bonusLevel`, `active`, `block`) VALUES
(0000001, 'Mr', 'Peter Peterus Ramangena', 'Mohoje', 'PPR', 4294967295, '0824641779', 'mohojepkt@telkomsa.net', '72 KoringBlom Crescent, Pellissier, Bloemfontein ', '', 'Bloemfontein', 'Free State', '9301', 'No', '', '2013-10-27 00:00:00', 'Bloemfontein', 0000000, NULL, 1, 0),
(0000002, 'Mr', 'Mphobole Thapelo', 'Ramphobole', 'MT', 4294967295, '0787722864', 'myvictory100.biz@gmail.com', 'Plot 184, Derde & Barden Road, Bloemspruit, Bloemfontein', '', 'Bloemfontein', 'Free State', '', 'No', '', '0000-00-00 00:00:00', '', 0000001, NULL, 1, 0),
(0000003, 'Mrs', 'Nomacala Anacleta', 'Mohoje', '', 4294967295, '0726797173', 'mohojepkt@telkomsa.net', '72 KoringBlom Crescent Pellissier Bloemfo ntein ', '', 'Bloemfontein', 'Free State', '9301', 'Yes', 'Educator', '0000-00-00 00:00:00', '', 0000001, NULL, 1, 0),
(0000006, 'Mr', 'Thapelo Robert', 'Mokgautsi', 'TR', 4294967295, '0727415768', 'mokgautsit@gmail.com', '7404 Johnny Mokua Street, Mohlakeng, Randfontein', '', 'Randfontein', 'Gauteng', '1759', 'Yes', 'Self Employed', '2013-10-29 00:00:00', '', 0000001, NULL, 1, 0),
(0000011, 'Mr', 'Tshepo Petrus', 'Bogoloane', 'TP', 4294967295, '0799518855', '', '1333 Section F, Botshabelo', '', '', 'Free State', '9781', 'Yes', 'Sales Rep', '2013-11-13 00:00:00', 'Bloemfontein', 0000539, NULL, 1, 0),
(0000014, 'Mr', 'Maleshoane Marrium', 'Molise', 'MM ', 4294967295, '0726365426', 'shine.tsholofelo@gmail.com', '10519 Makoane Str, Phelindaba', '', '', '', '9323', 'No', 'Self Employed', '2013-11-13 00:00:00', 'Bloemfontein', 0000000, NULL, 1, 0),
(0000019, 'Miss', 'Lindiwe Magdelina', 'Tshabalala', 'LM', 4294967295, '0749265894', 'lindiwetma@gmail.com', '638 Hintsa Street, Phahameng Rockland, Bloemfontein', '', 'Bloemfontein', 'Free State', '9323', 'Yes', 'Broker', '2013-11-13 00:00:00', 'Bloemfontein', 0000539, NULL, 1, 0),
(0000049, 'Mr', 'Ntakuseni Hezehiel', 'Nengwenani', 'NH', 4294967295, '0719199417', 'sakkien@webmail.co.za', '10071 Rose Avenue, Graasland, Bloemfontein', '', 'Bloemfontein', 'Free State', '9323', 'Yes', 'Sales Manager', '2013-11-13 00:00:00', 'Bloemfontein', 0000000, NULL, 1, 0),
(0000133, 'Mrs', 'Mpe Cecilia', 'Ncheche', '', 4294967295, '0835320830', '', '5076 Mojatau Street, Rocklands, Bloemfontein', '', 'Bloemfontein', 'Free State', '9323', 'No', 'Pensioner', '2013-12-14 00:00:00', 'Bloemfontein', 0000231, NULL, 1, 0),
(0000174, 'Mrs', 'Weziwe', 'Monaheng', 'W', 4294967295, '0733615657', '', '17858 Phase 2,Bloemfontein', '', 'Bloemfontein', 'Free State', '9323', 'Yes', 'Educator', '2014-01-23 00:00:00', '', 0000175, NULL, 1, 0),
(0000175, 'Mrs', 'Kelebogile Dorathy', 'Maruping', 'KD', 4294967295, '0845858666', '', '7378 Mokoloko Street,Rocklands,Bloemfontein', '', 'Bloemfontein', 'Free State', '9323', 'Yes', 'Self Employed', '2014-01-01 00:00:00', 'Bloemfontein', 0000231, NULL, 1, 0),
(0000183, 'Mr', 'Porven', 'Moholo', 'P', 4294967295, '0836892849', 'porven@webmail.co.za', '16597 Kgabushwane street,Rocklands,Bloemfontein', '', 'Bloemfontein', 'Free State', '9323', 'Yes', 'Broker', '2013-12-20 00:00:00', '', 0000539, NULL, 1, 0),
(0000208, 'Mr', 'Tebogo Enoch', 'Bobejaan', 'TE', 4294967295, '0795702145', '', '41 Macdonald Str, Promosa, Potchestroom', '', '', 'Gauteng', '2530', 'No', '', '2013-11-13 00:00:00', 'Potchefstroom', 0000676, NULL, 1, 0),
(0000231, 'Mrs', 'Annie    Lochner', 'Roux', 'AL', 4294967295, '0723497955', 'lochner1919@gmail.com', 'Po Box 37717,Langenhoven Park,Bloemfontein', '', 'Bloemfontein', 'Free State', '9300', 'Yes', 'Self Employed', '2013-12-04 00:00:00', 'Bloemfontein', 0000666, NULL, 1, 0),
(0000258, 'Miss', 'Khoeli Puleng', 'Mavis', 'KP', 4294967295, '0780517759', 'pulengkhoeli@gmail.com', '1538 Eureka Park, Meloding, Virginia', '', '', 'Free State', '9430', 'Yes', 'Sales Consultant', '2013-12-04 00:00:00', 'Bloemfontein', 0000539, NULL, 1, 0),
(0000262, 'Mr', 'Tumo Bouman', 'Molelekoa', 'TB', 4294967295, '0720437556', 'tmmolelekoa@gmail.com', '57001 Sekhupi Square, Batho ', '', '', '', '9323', 'Yes', 'Intermediary', '2013-11-13 00:00:00', 'Bloemfontein', 0000539, NULL, 1, 0),
(0000266, 'Mr', 'Ali Tshidiso', 'Zakaria', 'AT', 4294967295, '0760358977', 'tshedisoa33@gmail.com', '2622 N Section, Botshabelo', '', '', 'Free State', '9781', 'Yes', 'Sales Consultant', '2013-12-04 00:00:00', 'Bloemfontein', 0000539, NULL, 1, 0),
(0000271, 'Mr', 'Thabang Victor', 'Menyatso', 'TV', 4294967295, '0786731050', 'menyatsovictor@gmail.com', '2076 SECTION C2, BOTSHABELO', '', '', 'Free State', '9781', 'Yes', 'Financial Advisor', '2013-11-13 00:00:00', 'Bloemfontein', 0000539, NULL, 1, 0),
(0000282, 'Mr', 'Thokozile Winnie', 'Finger', 'TW', 4294967295, '0835457954', '', '3098 Nyokong Str, Bochabela, Bloemfontein', '', 'Bloemfontein', 'Free State', '9323', 'No', 'Self Employed', '2013-11-13 00:00:00', 'Bloemfontein', 0000665, NULL, 1, 0),
(0000288, 'Mr', 'Potlako John Cowen', 'Khetsekile', 'PJC', 4294967295, '0723497994', 'pkhetsekile@oldmutual.com', '16404 Ndlonlo Street,Phase 2,Bloemfontein', '', 'Bloemfontein', 'Free State', '9323', 'Yes', 'Financial Advisor', '2013-11-28 00:00:00', 'Bloemfontein', 0000001, NULL, 1, 0),
(0000291, 'Miss', 'Elizabeth Monica', 'Mafole', 'EM', 4294967295, '0799489696', 'mafole.monica@gmail.com', 'Po Box 3431,Bloemfontein', '', 'Bloemfontein', 'Free State', '9323', 'Yes', 'Human resource Officer', '2013-12-04 00:00:00', 'Bloemfontein', 0000000, NULL, 1, 0),
(0000311, 'Mrs', 'Matshidiso Agnes', 'Julius', 'MA ', 4294967295, '0718136807', '', '11633 Ditira Str, Bloemanda, Bloemfontein', '', 'Bloemfontein', 'Free State', '9323', 'Yes', 'Educator', '2013-11-13 00:00:00', 'Bloemfontein', 0000011, NULL, 1, 0),
(0000317, 'Mr', 'Duncan Molefi Teboho', 'Kotsi', 'DMT', 4294967295, '0727479698', 'dkotsi7@gmail.com', '4979 Maleeme Str', 'Thabong', 'Welkom', 'Free State', '9463', 'Yes', 'Financial Advisor', '2013-11-13 00:00:00', 'Bloemfontein', 0000539, NULL, 1, 0),
(0000539, 'Mr', 'Kagisho', 'Mholo', 'K', 4294967295, '0741763072', 'kgmholo@gmail.com', '29786 Chrishani Turflugte, Bloemfontein', '', 'Bloemfontein', 'Free State', '9323', 'Yes', 'Business Consultant', '2013-11-13 00:00:00', 'Bloemfontein', 0000001, NULL, 1, 0),
(0000546, 'Mrs', 'Patience Kelebogile', 'Tsiu', 'PK', 4294967295, '0833731261', '', '5968 Kopane Street, Rocklands Location,Bloemfontein', '', 'Bloemfontein', 'Free State', '9323', 'Yes', 'Financial Advisor', '2013-11-01 00:00:00', 'Bloemfontein', 0000000, NULL, 1, 0),
(0000556, 'Mr', 'Andrew Lionel ', 'Peterson', 'AL ', 4294967295, '0825261729', 'maphula-m@yahoo.com', '25 Pekan Street, Meiringspark, Klerksdorp', '', 'Klerksdorp', 'Gauteng', '2571', 'Yes', 'Broker', '2013-11-13 00:00:00', 'Klerksdorp', 0000539, NULL, 1, 0),
(0000596, 'Mr', 'Thulani Zeblon', 'Mavuso', 'TZ', 4294967295, '0761737918', 'thulanizeblonmavuso@gmail.com', '20527 Graasland 3, Bergman, Bloemfontein', '', 'Bloemfontein', 'Free State', '9323', 'Yes', 'Sales Consultant', '2013-11-13 00:00:00', 'Bloemfontein', 0000002, NULL, 1, 0),
(0000600, 'Mr', 'Mahlomola Justice', 'Ketela', 'MJ', 4294967295, '0792765259', 'ketelamj@gmail.com', '81 Jakaranda Str, Ebeneheizer Hoogte, Wepener', '', '', '', '9944', 'No', 'Self Employed', '2013-11-13 00:00:00', 'Bloemfontein', 0000002, NULL, 1, 0),
(0000601, 'Miss', 'Mirriam', 'Masethi', 'M', 4294967295, '0719830896', '', '78 Darius Mhlongo Street, Mohlakeng', '', '', 'Gauteng', '1759', 'Yes', 'Eye Screener', '2013-11-05 00:00:00', 'Randfontein', 0000006, NULL, 1, 0),
(0000665, 'Mr', 'Lesley Lebohang', 'Baholo', 'LL', 4294967295, '0794040414', 'lebohangbaholo@yahoo.com', 'P O Box 100833, Brandwag Brandhof, Bloemfontein', '', 'Bloemfontein', 'Free State', '9324', 'Yes', 'Sales Executive', '2013-10-25 00:00:00', 'Bloemfontein', 0000670, NULL, 1, 0),
(0000666, 'Mrs', 'Lineo Zitha', 'Morobane', 'LZ', 4294967295, '0797747334', '', '6811 Phase 4, Bloemside, Bloemfontein', '', 'Bloemfontein', 'Free State', '9306', 'No', 'Self Employed', '2013-11-13 00:00:00', 'Bloemfontein', 0000002, NULL, 1, 0),
(0000670, 'Mr', 'Tshitso Petrus', 'Ntlhare', 'TP', 4294967295, '0781010258', '0781010258@mtnloaded.co.za', '1578 K Section, Botshabelo', '', '', 'Free State', '9781', 'Yes', 'Self Employed', '2013-10-25 00:00:00', 'Botshabelo', 0000001, NULL, 1, 0),
(0000676, 'Mr', 'Happy Alex', 'Bobejane', 'HA', 4294967295, '0720474701', 'alex.bobejane@harmony.co.za', '317 Atamela Street, Wedela', '', '', '', '2499', 'Yes', 'Supervisor', '2013-10-29 00:00:00', '', 0000006, NULL, 1, 0),
(0000690, 'Mr', 'Itumeleng', 'Maleke', 'I', 4294967295, '', '', '257 monisi section,Katlehong,Johannesburg', '', '', 'Gauteng', '1431', 'Yes', 'Self Employed', '2014-01-03 00:00:00', 'Bloemfontein', 0000690, NULL, 1, 0),
(0000691, 'Miss', 'Maria Dikgweng', 'Thibakgwane', 'MD', 4294967295, '0784391630', '', '15127 Phase Six, Bloemfontein', '', 'Bloemfontein', 'Free State', '9300', 'Yes', 'Financial Advisor', '2013-12-20 00:00:00', 'Bloemfontein', 0000539, NULL, 1, 0),
(0000693, 'Mrs', 'Precious Boipelo', 'Malebo', 'PB', 4294967295, '0738853315', '', '3701 Tau Street, Rocklands, Bloemfontein', '', 'Bloemfontein', 'Free State', '9323', 'Yes', 'Advisor', '2013-12-20 00:00:00', 'Bloemfontein', 0000539, NULL, 1, 0),
(0000695, 'Mr', 'Linda', 'Maliehe', 'LW', 4294967295, '0724377490', 'closetohome@vodama11.co.za', '1583B Khubutla Str, Mofolo Central P, Soweto', '', '', 'Gauteng', '1800', 'Yes', 'Teacher', '2013-11-13 00:00:00', 'Bloemfontein', 0000001, NULL, 1, 0);

-- --------------------------------------------------------

--
-- Table structure for table `customerbankaccount`
--

CREATE TABLE IF NOT EXISTS `customerbankaccount` (
  `cusaccountID` int(10) unsigned NOT NULL AUTO_INCREMENT COMMENT 'The auto increment of the customers bank account details',
  `contractNo` int(7) unsigned zerofill NOT NULL DEFAULT '0000000',
  `grossSalary` decimal(10,2) NOT NULL DEFAULT '0.00',
  `cusBankName` varchar(50) NOT NULL DEFAULT '',
  `cusBranchName` varchar(50) NOT NULL DEFAULT '',
  `cusAccNo` int(10) unsigned NOT NULL DEFAULT '0',
  `cusAccType` varchar(50) NOT NULL DEFAULT '',
  `debitStartDate` datetime NOT NULL DEFAULT '0000-00-00 00:00:00',
  PRIMARY KEY (`cusaccountID`) USING BTREE
) ENGINE=InnoDB  DEFAULT CHARSET=latin1 AUTO_INCREMENT=696 ;

--
-- Dumping data for table `customerbankaccount`
--

INSERT INTO `customerbankaccount` (`cusaccountID`, `contractNo`, `grossSalary`, `cusBankName`, `cusBranchName`, `cusAccNo`, `cusAccType`, `debitStartDate`) VALUES
(1, 0000001, '0.00', 'Nedbank', 'Bloemfontein Brandwag', 1102487481, 'Current', '2013-12-15 00:00:00'),
(3, 0000003, '0.00', 'Standard Bank', 'Bloemfontein Brandwag', 0, '', '2013-12-15 00:00:00'),
(6, 0000006, '0.00', 'Capitec Bank', 'Randfontein', 1190949057, 'Savings', '2013-12-25 00:00:00'),
(11, 0000011, '0.00', 'Capitec Bank', 'Botshabelo', 1150790790, 'Savings', '2013-11-30 00:00:00'),
(14, 0000014, '0.00', 'ABSA', 'Loglogan Bloemfontein', 4080182185, 'Cheque', '2014-01-15 00:00:00'),
(19, 0000019, '0.00', 'Capitec Bank', 'Bloemfontein Elizabeth Street', 1174698517, 'Savings', '2013-11-30 00:00:00'),
(49, 0000049, '0.00', 'ABSA', 'Bloemfontein', 4294967295, 'Savings', '2014-01-31 00:00:00'),
(133, 0000133, '0.00', 'Standard Bank', 'Bloemfontein', 208199721, 'Savings', '2014-01-13 00:00:00'),
(174, 0000174, '20.00', 'Capitec Bank', 'Bloemfontein', 1122565796, 'Savings', '2014-02-28 00:00:00'),
(175, 0000175, '0.00', 'Capitec Bank', 'Bloemfontein', 1323355829, 'Savings', '2014-01-31 00:00:00'),
(183, 0000183, '0.00', 'FNB', 'Bloemfontein Waterfront', 4294967295, 'Cheque', '2014-01-27 00:00:00'),
(208, 0000208, '0.00', 'Capitec Bank', 'Potchefstroom', 1324320026, 'Savings', '2014-01-31 00:00:00'),
(231, 0000231, '0.00', 'Capitec Bank', 'Bloemfontein', 1281261058, 'Savings', '2013-12-05 00:00:00'),
(258, 0000258, '0.00', 'Capitec Bank', 'VIRGINIA', 1187145589, 'Savings', '2014-01-05 00:00:00'),
(262, 0000262, '0.00', 'ABSA', 'Bloemfontein', 4294967295, 'Savings', '2014-01-05 00:00:00'),
(266, 0000266, '0.00', 'Standard Bank', '', 202217752, 'Cheque', '2014-01-05 00:00:00'),
(271, 0000271, '0.00', 'Standard Bank', '', 270197834, 'Cheque', '2014-01-31 00:00:00'),
(282, 0000282, '0.00', 'Nedbank', 'Bloemfontein', 2420338537, 'Savings', '2014-01-07 00:00:00'),
(288, 0000288, '0.00', 'Standard Bank', 'Brandwag', 4294967295, 'Cheque', '2014-01-23 00:00:00'),
(291, 0000291, '0.00', 'FNB', '', 4294967295, 'Cheque', '2013-12-15 00:00:00'),
(311, 0000311, '0.00', 'FNB', 'Bloemfontein Brandwag', 4294967295, 'Cheque', '2014-02-28 00:00:00'),
(317, 0000317, '0.00', 'Standard Bank', 'Parktown', 3946657, 'Savings', '2014-01-28 00:00:00'),
(539, 0000539, '0.00', 'FNB', '', 4294967295, 'Cheque', '2013-11-27 00:00:00'),
(546, 0000546, '0.00', 'ABSA', 'Maitland, Bloemfontein', 4294967295, 'Savings', '2013-11-30 00:00:00'),
(556, 0000556, '0.00', 'ABSA', 'Klerksdorp', 4294967295, 'Savings', '2013-11-30 00:00:00'),
(596, 0000596, '0.00', 'FNB', 'Bloemfontein', 4294967295, 'Savings', '2014-01-31 00:00:00'),
(600, 0000600, '0.00', 'Capitec Bank', 'Bloemfontein', 1302383254, 'Savings', '2013-12-01 00:00:00'),
(601, 0000601, '0.00', 'Capitec Bank', 'Randfontein', 1180777458, 'Savings', '2013-12-25 00:00:00'),
(665, 0000665, '0.00', 'Standard Bank', 'Brandwag', 240811291, 'Cheque', '2013-11-27 00:00:00'),
(666, 0000666, '0.00', 'Capitec Bank', 'Bloemfontein', 1122252348, 'Savings', '2013-11-30 00:00:00'),
(670, 0000670, '0.00', 'Capitec Bank', 'Botshabelo', 1324813189, 'Savings', '2013-12-02 00:00:00'),
(676, 0000676, '0.00', 'ABSA', 'Randfontein', 4294967295, 'Savings', '2013-12-29 00:00:00'),
(690, 0000690, '0.00', 'Standard Bank', 'Germiston', 4818040, 'Savings', '2014-01-30 00:00:00'),
(691, 0000691, '0.00', 'Capitec Bank', 'Bloemfontein', 1281324424, 'Savings', '2014-02-27 00:00:00'),
(693, 0000693, '0.00', 'ABSA', 'Bloemfontein Maitland', 4294967295, 'Savings', '2014-01-31 00:00:00'),
(695, 0000695, '0.00', 'FNB', 'Bloemfontein', 4294967295, 'Cheque', '2013-11-13 00:00:00');

-- --------------------------------------------------------

--
-- Table structure for table `customerrelationship`
--

CREATE TABLE IF NOT EXISTS `customerrelationship` (
  `relationshipID` int(10) unsigned NOT NULL AUTO_INCREMENT COMMENT 'Unique id of this table',
  `contractNo` int(7) unsigned zerofill NOT NULL DEFAULT '0000000',
  `introducerNo` int(7) unsigned zerofill NOT NULL DEFAULT '0000000',
  `wealthCreatorLevel` int(10) unsigned NOT NULL DEFAULT '0',
  PRIMARY KEY (`relationshipID`)
) ENGINE=InnoDB  DEFAULT CHARSET=latin1 AUTO_INCREMENT=84 ;

--
-- Dumping data for table `customerrelationship`
--

INSERT INTO `customerrelationship` (`relationshipID`, `contractNo`, `introducerNo`, `wealthCreatorLevel`) VALUES
(1, 0000000, 0000000, 0),
(2, 0000001, 0000000, 1),
(3, 0000002, 0000001, 1),
(4, 0000002, 0000000, 2),
(5, 0000003, 0000001, 1),
(6, 0000003, 0000000, 2),
(7, 0000011, 0000539, 1),
(8, 0000011, 0000001, 2),
(9, 0000011, 0000000, 3),
(10, 0000019, 0000539, 1),
(11, 0000019, 0000001, 2),
(12, 0000019, 0000000, 3),
(13, 0000183, 0000539, 1),
(14, 0000183, 0000001, 2),
(15, 0000183, 0000000, 3),
(16, 0000258, 0000539, 1),
(17, 0000258, 0000001, 2),
(18, 0000258, 0000000, 3),
(19, 0000262, 0000539, 1),
(20, 0000262, 0000001, 2),
(21, 0000262, 0000000, 3),
(22, 0000266, 0000539, 1),
(23, 0000266, 0000001, 2),
(24, 0000266, 0000000, 3),
(25, 0000271, 0000539, 1),
(26, 0000271, 0000001, 2),
(27, 0000271, 0000000, 3),
(28, 0000311, 0000011, 1),
(29, 0000311, 0000539, 2),
(30, 0000311, 0000001, 3),
(31, 0000311, 0000000, 4),
(32, 0000317, 0000539, 1),
(33, 0000317, 0000001, 2),
(34, 0000317, 0000000, 3),
(35, 0000539, 0000001, 1),
(36, 0000539, 0000000, 2),
(37, 0000556, 0000539, 1),
(38, 0000556, 0000001, 2),
(39, 0000556, 0000000, 3),
(40, 0000596, 0000002, 1),
(41, 0000596, 0000001, 2),
(42, 0000596, 0000000, 3),
(43, 0000666, 0000002, 1),
(44, 0000666, 0000001, 2),
(45, 0000666, 0000000, 3),
(46, 0000691, 0000539, 1),
(47, 0000691, 0000001, 2),
(48, 0000691, 0000000, 3),
(49, 0000693, 0000539, 1),
(50, 0000693, 0000001, 2),
(51, 0000693, 0000000, 3),
(52, 0000695, 0000001, 1),
(53, 0000695, 0000000, 2),
(54, 0000600, 0000002, 1),
(55, 0000600, 0000001, 2),
(56, 0000600, 0000000, 3),
(57, 0000006, 0000001, 1),
(58, 0000006, 0000000, 2),
(59, 0000601, 0000006, 1),
(60, 0000601, 0000001, 2),
(61, 0000601, 0000000, 3),
(62, 0000676, 0000006, 1),
(63, 0000676, 0000001, 2),
(64, 0000676, 0000000, 3),
(65, 0000208, 0000676, 1),
(66, 0000208, 0000006, 2),
(67, 0000208, 0000001, 3),
(68, 0000208, 0000000, 4),
(69, 0000670, 0000001, 1),
(70, 0000670, 0000000, 2),
(71, 0000133, 0000231, 1),
(72, 0000133, 0000666, 2),
(73, 0000133, 0000002, 3),
(74, 0000133, 0000001, 4),
(75, 0000133, 0000000, 5),
(76, 0000231, 0000666, 1),
(77, 0000231, 0000002, 2),
(78, 0000231, 0000001, 3),
(79, 0000231, 0000000, 4),
(80, 0000665, 0000670, 1),
(81, 0000665, 0000001, 2),
(82, 0000665, 0000000, 3),
(83, 0000000, 0000000, 0);

-- --------------------------------------------------------

--
-- Table structure for table `failedpaymentsuserhierarchy`
--

CREATE TABLE IF NOT EXISTS `failedpaymentsuserhierarchy` (
  `contractNo` int(7) unsigned zerofill NOT NULL AUTO_INCREMENT,
  `totalUsers` int(10) unsigned NOT NULL DEFAULT '0',
  `wc1` int(10) unsigned NOT NULL DEFAULT '0',
  `wc2` int(10) unsigned NOT NULL DEFAULT '0',
  `wc3` int(10) unsigned NOT NULL DEFAULT '0',
  `wc4` int(10) unsigned NOT NULL DEFAULT '0',
  `wc5` int(10) unsigned NOT NULL DEFAULT '0',
  `wc6` int(10) unsigned NOT NULL DEFAULT '0',
  `wc7` int(10) unsigned NOT NULL DEFAULT '0',
  PRIMARY KEY (`contractNo`)
) ENGINE=InnoDB  DEFAULT CHARSET=latin1 AUTO_INCREMENT=1001 ;

--
-- Dumping data for table `failedpaymentsuserhierarchy`
--

INSERT INTO `failedpaymentsuserhierarchy` (`contractNo`, `totalUsers`, `wc1`, `wc2`, `wc3`, `wc4`, `wc5`, `wc6`, `wc7`) VALUES
(0000001, 27, 6, 17, 3, 1, 0, 0, 0),
(0000002, 5, 3, 1, 1, 0, 0, 0, 0),
(0000003, 0, 0, 0, 0, 0, 0, 0, 0),
(0000004, 0, 0, 0, 0, 0, 0, 0, 0),
(0000005, 0, 0, 0, 0, 0, 0, 0, 0),
(0000006, 3, 2, 1, 0, 0, 0, 0, 0),
(0000007, 0, 0, 0, 0, 0, 0, 0, 0),
(0000008, 0, 0, 0, 0, 0, 0, 0, 0),
(0000009, 0, 0, 0, 0, 0, 0, 0, 0),
(0000010, 0, 0, 0, 0, 0, 0, 0, 0),
(0000011, 1, 1, 0, 0, 0, 0, 0, 0),
(0000012, 0, 0, 0, 0, 0, 0, 0, 0),
(0000013, 0, 0, 0, 0, 0, 0, 0, 0),
(0000014, 0, 0, 0, 0, 0, 0, 0, 0),
(0000015, 0, 0, 0, 0, 0, 0, 0, 0),
(0000016, 0, 0, 0, 0, 0, 0, 0, 0),
(0000017, 0, 0, 0, 0, 0, 0, 0, 0),
(0000018, 0, 0, 0, 0, 0, 0, 0, 0),
(0000019, 0, 0, 0, 0, 0, 0, 0, 0),
(0000020, 0, 0, 0, 0, 0, 0, 0, 0),
(0000021, 0, 0, 0, 0, 0, 0, 0, 0),
(0000022, 0, 0, 0, 0, 0, 0, 0, 0),
(0000023, 0, 0, 0, 0, 0, 0, 0, 0),
(0000024, 0, 0, 0, 0, 0, 0, 0, 0),
(0000025, 0, 0, 0, 0, 0, 0, 0, 0),
(0000026, 0, 0, 0, 0, 0, 0, 0, 0),
(0000027, 0, 0, 0, 0, 0, 0, 0, 0),
(0000028, 0, 0, 0, 0, 0, 0, 0, 0),
(0000029, 0, 0, 0, 0, 0, 0, 0, 0),
(0000030, 0, 0, 0, 0, 0, 0, 0, 0),
(0000031, 0, 0, 0, 0, 0, 0, 0, 0),
(0000032, 0, 0, 0, 0, 0, 0, 0, 0),
(0000033, 0, 0, 0, 0, 0, 0, 0, 0),
(0000034, 0, 0, 0, 0, 0, 0, 0, 0),
(0000035, 0, 0, 0, 0, 0, 0, 0, 0),
(0000036, 0, 0, 0, 0, 0, 0, 0, 0),
(0000037, 0, 0, 0, 0, 0, 0, 0, 0),
(0000038, 0, 0, 0, 0, 0, 0, 0, 0),
(0000039, 0, 0, 0, 0, 0, 0, 0, 0),
(0000040, 0, 0, 0, 0, 0, 0, 0, 0),
(0000041, 0, 0, 0, 0, 0, 0, 0, 0),
(0000042, 0, 0, 0, 0, 0, 0, 0, 0),
(0000043, 0, 0, 0, 0, 0, 0, 0, 0),
(0000044, 0, 0, 0, 0, 0, 0, 0, 0),
(0000045, 0, 0, 0, 0, 0, 0, 0, 0),
(0000046, 0, 0, 0, 0, 0, 0, 0, 0),
(0000047, 0, 0, 0, 0, 0, 0, 0, 0),
(0000048, 0, 0, 0, 0, 0, 0, 0, 0),
(0000049, 0, 0, 0, 0, 0, 0, 0, 0),
(0000050, 0, 0, 0, 0, 0, 0, 0, 0),
(0000051, 0, 0, 0, 0, 0, 0, 0, 0),
(0000052, 0, 0, 0, 0, 0, 0, 0, 0),
(0000053, 0, 0, 0, 0, 0, 0, 0, 0),
(0000054, 0, 0, 0, 0, 0, 0, 0, 0),
(0000055, 0, 0, 0, 0, 0, 0, 0, 0),
(0000056, 0, 0, 0, 0, 0, 0, 0, 0),
(0000057, 0, 0, 0, 0, 0, 0, 0, 0),
(0000058, 0, 0, 0, 0, 0, 0, 0, 0),
(0000059, 0, 0, 0, 0, 0, 0, 0, 0),
(0000060, 0, 0, 0, 0, 0, 0, 0, 0),
(0000061, 0, 0, 0, 0, 0, 0, 0, 0),
(0000062, 0, 0, 0, 0, 0, 0, 0, 0),
(0000063, 0, 0, 0, 0, 0, 0, 0, 0),
(0000064, 0, 0, 0, 0, 0, 0, 0, 0),
(0000065, 0, 0, 0, 0, 0, 0, 0, 0),
(0000066, 0, 0, 0, 0, 0, 0, 0, 0),
(0000067, 0, 0, 0, 0, 0, 0, 0, 0),
(0000068, 0, 0, 0, 0, 0, 0, 0, 0),
(0000069, 0, 0, 0, 0, 0, 0, 0, 0),
(0000070, 0, 0, 0, 0, 0, 0, 0, 0),
(0000071, 0, 0, 0, 0, 0, 0, 0, 0),
(0000072, 0, 0, 0, 0, 0, 0, 0, 0),
(0000073, 0, 0, 0, 0, 0, 0, 0, 0),
(0000074, 0, 0, 0, 0, 0, 0, 0, 0),
(0000075, 0, 0, 0, 0, 0, 0, 0, 0),
(0000076, 0, 0, 0, 0, 0, 0, 0, 0),
(0000077, 0, 0, 0, 0, 0, 0, 0, 0),
(0000078, 0, 0, 0, 0, 0, 0, 0, 0),
(0000079, 0, 0, 0, 0, 0, 0, 0, 0),
(0000080, 0, 0, 0, 0, 0, 0, 0, 0),
(0000081, 0, 0, 0, 0, 0, 0, 0, 0),
(0000082, 0, 0, 0, 0, 0, 0, 0, 0),
(0000083, 0, 0, 0, 0, 0, 0, 0, 0),
(0000084, 0, 0, 0, 0, 0, 0, 0, 0),
(0000085, 0, 0, 0, 0, 0, 0, 0, 0),
(0000086, 0, 0, 0, 0, 0, 0, 0, 0),
(0000087, 0, 0, 0, 0, 0, 0, 0, 0),
(0000088, 0, 0, 0, 0, 0, 0, 0, 0),
(0000089, 0, 0, 0, 0, 0, 0, 0, 0),
(0000090, 0, 0, 0, 0, 0, 0, 0, 0),
(0000091, 0, 0, 0, 0, 0, 0, 0, 0),
(0000092, 0, 0, 0, 0, 0, 0, 0, 0),
(0000093, 0, 0, 0, 0, 0, 0, 0, 0),
(0000094, 0, 0, 0, 0, 0, 0, 0, 0),
(0000095, 0, 0, 0, 0, 0, 0, 0, 0),
(0000096, 0, 0, 0, 0, 0, 0, 0, 0),
(0000097, 0, 0, 0, 0, 0, 0, 0, 0),
(0000098, 0, 0, 0, 0, 0, 0, 0, 0),
(0000099, 0, 0, 0, 0, 0, 0, 0, 0),
(0000100, 0, 0, 0, 0, 0, 0, 0, 0),
(0000101, 0, 0, 0, 0, 0, 0, 0, 0),
(0000102, 0, 0, 0, 0, 0, 0, 0, 0),
(0000103, 0, 0, 0, 0, 0, 0, 0, 0),
(0000104, 0, 0, 0, 0, 0, 0, 0, 0),
(0000105, 0, 0, 0, 0, 0, 0, 0, 0),
(0000106, 0, 0, 0, 0, 0, 0, 0, 0),
(0000107, 0, 0, 0, 0, 0, 0, 0, 0),
(0000108, 0, 0, 0, 0, 0, 0, 0, 0),
(0000109, 0, 0, 0, 0, 0, 0, 0, 0),
(0000110, 0, 0, 0, 0, 0, 0, 0, 0),
(0000111, 0, 0, 0, 0, 0, 0, 0, 0),
(0000112, 0, 0, 0, 0, 0, 0, 0, 0),
(0000113, 0, 0, 0, 0, 0, 0, 0, 0),
(0000114, 0, 0, 0, 0, 0, 0, 0, 0),
(0000115, 0, 0, 0, 0, 0, 0, 0, 0),
(0000116, 0, 0, 0, 0, 0, 0, 0, 0),
(0000117, 0, 0, 0, 0, 0, 0, 0, 0),
(0000118, 0, 0, 0, 0, 0, 0, 0, 0),
(0000119, 0, 0, 0, 0, 0, 0, 0, 0),
(0000120, 0, 0, 0, 0, 0, 0, 0, 0),
(0000121, 0, 0, 0, 0, 0, 0, 0, 0),
(0000122, 0, 0, 0, 0, 0, 0, 0, 0),
(0000123, 0, 0, 0, 0, 0, 0, 0, 0),
(0000124, 0, 0, 0, 0, 0, 0, 0, 0),
(0000125, 0, 0, 0, 0, 0, 0, 0, 0),
(0000126, 0, 0, 0, 0, 0, 0, 0, 0),
(0000127, 0, 0, 0, 0, 0, 0, 0, 0),
(0000128, 0, 0, 0, 0, 0, 0, 0, 0),
(0000129, 0, 0, 0, 0, 0, 0, 0, 0),
(0000130, 0, 0, 0, 0, 0, 0, 0, 0),
(0000131, 0, 0, 0, 0, 0, 0, 0, 0),
(0000132, 0, 0, 0, 0, 0, 0, 0, 0),
(0000133, 0, 0, 0, 0, 0, 0, 0, 0),
(0000134, 0, 0, 0, 0, 0, 0, 0, 0),
(0000135, 0, 0, 0, 0, 0, 0, 0, 0),
(0000136, 0, 0, 0, 0, 0, 0, 0, 0),
(0000137, 0, 0, 0, 0, 0, 0, 0, 0),
(0000138, 0, 0, 0, 0, 0, 0, 0, 0),
(0000139, 0, 0, 0, 0, 0, 0, 0, 0),
(0000140, 0, 0, 0, 0, 0, 0, 0, 0),
(0000141, 0, 0, 0, 0, 0, 0, 0, 0),
(0000142, 0, 0, 0, 0, 0, 0, 0, 0),
(0000143, 0, 0, 0, 0, 0, 0, 0, 0),
(0000144, 0, 0, 0, 0, 0, 0, 0, 0),
(0000145, 0, 0, 0, 0, 0, 0, 0, 0),
(0000146, 0, 0, 0, 0, 0, 0, 0, 0),
(0000147, 0, 0, 0, 0, 0, 0, 0, 0),
(0000148, 0, 0, 0, 0, 0, 0, 0, 0),
(0000149, 0, 0, 0, 0, 0, 0, 0, 0),
(0000150, 0, 0, 0, 0, 0, 0, 0, 0),
(0000151, 0, 0, 0, 0, 0, 0, 0, 0),
(0000152, 0, 0, 0, 0, 0, 0, 0, 0),
(0000153, 0, 0, 0, 0, 0, 0, 0, 0),
(0000154, 0, 0, 0, 0, 0, 0, 0, 0),
(0000155, 0, 0, 0, 0, 0, 0, 0, 0),
(0000156, 0, 0, 0, 0, 0, 0, 0, 0),
(0000157, 0, 0, 0, 0, 0, 0, 0, 0),
(0000158, 0, 0, 0, 0, 0, 0, 0, 0),
(0000159, 0, 0, 0, 0, 0, 0, 0, 0),
(0000160, 0, 0, 0, 0, 0, 0, 0, 0),
(0000161, 0, 0, 0, 0, 0, 0, 0, 0),
(0000162, 0, 0, 0, 0, 0, 0, 0, 0),
(0000163, 0, 0, 0, 0, 0, 0, 0, 0),
(0000164, 0, 0, 0, 0, 0, 0, 0, 0),
(0000165, 0, 0, 0, 0, 0, 0, 0, 0),
(0000166, 0, 0, 0, 0, 0, 0, 0, 0),
(0000167, 0, 0, 0, 0, 0, 0, 0, 0),
(0000168, 0, 0, 0, 0, 0, 0, 0, 0),
(0000169, 0, 0, 0, 0, 0, 0, 0, 0),
(0000170, 0, 0, 0, 0, 0, 0, 0, 0),
(0000171, 0, 0, 0, 0, 0, 0, 0, 0),
(0000172, 0, 0, 0, 0, 0, 0, 0, 0),
(0000173, 0, 0, 0, 0, 0, 0, 0, 0),
(0000174, 0, 0, 0, 0, 0, 0, 0, 0),
(0000175, 0, 0, 0, 0, 0, 0, 0, 0),
(0000176, 0, 0, 0, 0, 0, 0, 0, 0),
(0000177, 0, 0, 0, 0, 0, 0, 0, 0),
(0000178, 0, 0, 0, 0, 0, 0, 0, 0),
(0000179, 0, 0, 0, 0, 0, 0, 0, 0),
(0000180, 0, 0, 0, 0, 0, 0, 0, 0),
(0000181, 0, 0, 0, 0, 0, 0, 0, 0),
(0000182, 0, 0, 0, 0, 0, 0, 0, 0),
(0000183, 0, 0, 0, 0, 0, 0, 0, 0),
(0000184, 0, 0, 0, 0, 0, 0, 0, 0),
(0000185, 0, 0, 0, 0, 0, 0, 0, 0),
(0000186, 0, 0, 0, 0, 0, 0, 0, 0),
(0000187, 0, 0, 0, 0, 0, 0, 0, 0),
(0000188, 0, 0, 0, 0, 0, 0, 0, 0),
(0000189, 0, 0, 0, 0, 0, 0, 0, 0),
(0000190, 0, 0, 0, 0, 0, 0, 0, 0),
(0000191, 0, 0, 0, 0, 0, 0, 0, 0),
(0000192, 0, 0, 0, 0, 0, 0, 0, 0),
(0000193, 0, 0, 0, 0, 0, 0, 0, 0),
(0000194, 0, 0, 0, 0, 0, 0, 0, 0),
(0000195, 0, 0, 0, 0, 0, 0, 0, 0),
(0000196, 0, 0, 0, 0, 0, 0, 0, 0),
(0000197, 0, 0, 0, 0, 0, 0, 0, 0),
(0000198, 0, 0, 0, 0, 0, 0, 0, 0),
(0000199, 0, 0, 0, 0, 0, 0, 0, 0),
(0000200, 0, 0, 0, 0, 0, 0, 0, 0),
(0000201, 0, 0, 0, 0, 0, 0, 0, 0),
(0000202, 0, 0, 0, 0, 0, 0, 0, 0),
(0000203, 0, 0, 0, 0, 0, 0, 0, 0),
(0000204, 0, 0, 0, 0, 0, 0, 0, 0),
(0000205, 0, 0, 0, 0, 0, 0, 0, 0),
(0000206, 0, 0, 0, 0, 0, 0, 0, 0),
(0000207, 0, 0, 0, 0, 0, 0, 0, 0),
(0000208, 0, 0, 0, 0, 0, 0, 0, 0),
(0000209, 0, 0, 0, 0, 0, 0, 0, 0),
(0000210, 0, 0, 0, 0, 0, 0, 0, 0),
(0000211, 0, 0, 0, 0, 0, 0, 0, 0),
(0000212, 0, 0, 0, 0, 0, 0, 0, 0),
(0000213, 0, 0, 0, 0, 0, 0, 0, 0),
(0000214, 0, 0, 0, 0, 0, 0, 0, 0),
(0000215, 0, 0, 0, 0, 0, 0, 0, 0),
(0000216, 0, 0, 0, 0, 0, 0, 0, 0),
(0000217, 0, 0, 0, 0, 0, 0, 0, 0),
(0000218, 0, 0, 0, 0, 0, 0, 0, 0),
(0000219, 0, 0, 0, 0, 0, 0, 0, 0),
(0000220, 0, 0, 0, 0, 0, 0, 0, 0),
(0000221, 0, 0, 0, 0, 0, 0, 0, 0),
(0000222, 0, 0, 0, 0, 0, 0, 0, 0),
(0000223, 0, 0, 0, 0, 0, 0, 0, 0),
(0000224, 0, 0, 0, 0, 0, 0, 0, 0),
(0000225, 0, 0, 0, 0, 0, 0, 0, 0),
(0000226, 0, 0, 0, 0, 0, 0, 0, 0),
(0000227, 0, 0, 0, 0, 0, 0, 0, 0),
(0000228, 0, 0, 0, 0, 0, 0, 0, 0),
(0000229, 0, 0, 0, 0, 0, 0, 0, 0),
(0000230, 0, 0, 0, 0, 0, 0, 0, 0),
(0000231, 1, 1, 0, 0, 0, 0, 0, 0),
(0000232, 0, 0, 0, 0, 0, 0, 0, 0),
(0000233, 0, 0, 0, 0, 0, 0, 0, 0),
(0000234, 0, 0, 0, 0, 0, 0, 0, 0),
(0000235, 0, 0, 0, 0, 0, 0, 0, 0),
(0000236, 0, 0, 0, 0, 0, 0, 0, 0),
(0000237, 0, 0, 0, 0, 0, 0, 0, 0),
(0000238, 0, 0, 0, 0, 0, 0, 0, 0),
(0000239, 0, 0, 0, 0, 0, 0, 0, 0),
(0000240, 0, 0, 0, 0, 0, 0, 0, 0),
(0000241, 0, 0, 0, 0, 0, 0, 0, 0),
(0000242, 0, 0, 0, 0, 0, 0, 0, 0),
(0000243, 0, 0, 0, 0, 0, 0, 0, 0),
(0000244, 0, 0, 0, 0, 0, 0, 0, 0),
(0000245, 0, 0, 0, 0, 0, 0, 0, 0),
(0000246, 0, 0, 0, 0, 0, 0, 0, 0),
(0000247, 0, 0, 0, 0, 0, 0, 0, 0),
(0000248, 0, 0, 0, 0, 0, 0, 0, 0),
(0000249, 0, 0, 0, 0, 0, 0, 0, 0),
(0000250, 0, 0, 0, 0, 0, 0, 0, 0),
(0000251, 0, 0, 0, 0, 0, 0, 0, 0),
(0000252, 0, 0, 0, 0, 0, 0, 0, 0),
(0000253, 0, 0, 0, 0, 0, 0, 0, 0),
(0000254, 0, 0, 0, 0, 0, 0, 0, 0),
(0000255, 0, 0, 0, 0, 0, 0, 0, 0),
(0000256, 0, 0, 0, 0, 0, 0, 0, 0),
(0000257, 0, 0, 0, 0, 0, 0, 0, 0),
(0000258, 0, 0, 0, 0, 0, 0, 0, 0),
(0000259, 0, 0, 0, 0, 0, 0, 0, 0),
(0000260, 0, 0, 0, 0, 0, 0, 0, 0),
(0000261, 0, 0, 0, 0, 0, 0, 0, 0),
(0000262, 0, 0, 0, 0, 0, 0, 0, 0),
(0000263, 0, 0, 0, 0, 0, 0, 0, 0),
(0000264, 0, 0, 0, 0, 0, 0, 0, 0),
(0000265, 0, 0, 0, 0, 0, 0, 0, 0),
(0000266, 0, 0, 0, 0, 0, 0, 0, 0),
(0000267, 0, 0, 0, 0, 0, 0, 0, 0),
(0000268, 0, 0, 0, 0, 0, 0, 0, 0),
(0000269, 0, 0, 0, 0, 0, 0, 0, 0),
(0000270, 0, 0, 0, 0, 0, 0, 0, 0),
(0000271, 0, 0, 0, 0, 0, 0, 0, 0),
(0000272, 0, 0, 0, 0, 0, 0, 0, 0),
(0000273, 0, 0, 0, 0, 0, 0, 0, 0),
(0000274, 0, 0, 0, 0, 0, 0, 0, 0),
(0000275, 0, 0, 0, 0, 0, 0, 0, 0),
(0000276, 0, 0, 0, 0, 0, 0, 0, 0),
(0000277, 0, 0, 0, 0, 0, 0, 0, 0),
(0000278, 0, 0, 0, 0, 0, 0, 0, 0),
(0000279, 0, 0, 0, 0, 0, 0, 0, 0),
(0000280, 0, 0, 0, 0, 0, 0, 0, 0),
(0000281, 0, 0, 0, 0, 0, 0, 0, 0),
(0000282, 0, 0, 0, 0, 0, 0, 0, 0),
(0000283, 0, 0, 0, 0, 0, 0, 0, 0),
(0000284, 0, 0, 0, 0, 0, 0, 0, 0),
(0000285, 0, 0, 0, 0, 0, 0, 0, 0),
(0000286, 0, 0, 0, 0, 0, 0, 0, 0),
(0000287, 0, 0, 0, 0, 0, 0, 0, 0),
(0000288, 0, 0, 0, 0, 0, 0, 0, 0),
(0000289, 0, 0, 0, 0, 0, 0, 0, 0),
(0000290, 0, 0, 0, 0, 0, 0, 0, 0),
(0000291, 0, 0, 0, 0, 0, 0, 0, 0),
(0000292, 0, 0, 0, 0, 0, 0, 0, 0),
(0000293, 0, 0, 0, 0, 0, 0, 0, 0),
(0000294, 0, 0, 0, 0, 0, 0, 0, 0),
(0000295, 0, 0, 0, 0, 0, 0, 0, 0),
(0000296, 0, 0, 0, 0, 0, 0, 0, 0),
(0000297, 0, 0, 0, 0, 0, 0, 0, 0),
(0000298, 0, 0, 0, 0, 0, 0, 0, 0),
(0000299, 0, 0, 0, 0, 0, 0, 0, 0),
(0000300, 0, 0, 0, 0, 0, 0, 0, 0),
(0000301, 0, 0, 0, 0, 0, 0, 0, 0),
(0000302, 0, 0, 0, 0, 0, 0, 0, 0),
(0000303, 0, 0, 0, 0, 0, 0, 0, 0),
(0000304, 0, 0, 0, 0, 0, 0, 0, 0),
(0000305, 0, 0, 0, 0, 0, 0, 0, 0),
(0000306, 0, 0, 0, 0, 0, 0, 0, 0),
(0000307, 0, 0, 0, 0, 0, 0, 0, 0),
(0000308, 0, 0, 0, 0, 0, 0, 0, 0),
(0000309, 0, 0, 0, 0, 0, 0, 0, 0),
(0000310, 0, 0, 0, 0, 0, 0, 0, 0),
(0000311, 0, 0, 0, 0, 0, 0, 0, 0),
(0000312, 0, 0, 0, 0, 0, 0, 0, 0),
(0000313, 0, 0, 0, 0, 0, 0, 0, 0),
(0000314, 0, 0, 0, 0, 0, 0, 0, 0),
(0000315, 0, 0, 0, 0, 0, 0, 0, 0),
(0000316, 0, 0, 0, 0, 0, 0, 0, 0),
(0000317, 0, 0, 0, 0, 0, 0, 0, 0),
(0000318, 0, 0, 0, 0, 0, 0, 0, 0),
(0000319, 0, 0, 0, 0, 0, 0, 0, 0),
(0000320, 0, 0, 0, 0, 0, 0, 0, 0),
(0000321, 0, 0, 0, 0, 0, 0, 0, 0),
(0000322, 0, 0, 0, 0, 0, 0, 0, 0),
(0000323, 0, 0, 0, 0, 0, 0, 0, 0),
(0000324, 0, 0, 0, 0, 0, 0, 0, 0),
(0000325, 0, 0, 0, 0, 0, 0, 0, 0),
(0000326, 0, 0, 0, 0, 0, 0, 0, 0),
(0000327, 0, 0, 0, 0, 0, 0, 0, 0),
(0000328, 0, 0, 0, 0, 0, 0, 0, 0),
(0000329, 0, 0, 0, 0, 0, 0, 0, 0),
(0000330, 0, 0, 0, 0, 0, 0, 0, 0),
(0000331, 0, 0, 0, 0, 0, 0, 0, 0),
(0000332, 0, 0, 0, 0, 0, 0, 0, 0),
(0000333, 0, 0, 0, 0, 0, 0, 0, 0),
(0000334, 0, 0, 0, 0, 0, 0, 0, 0),
(0000335, 0, 0, 0, 0, 0, 0, 0, 0),
(0000336, 0, 0, 0, 0, 0, 0, 0, 0),
(0000337, 0, 0, 0, 0, 0, 0, 0, 0),
(0000338, 0, 0, 0, 0, 0, 0, 0, 0),
(0000339, 0, 0, 0, 0, 0, 0, 0, 0),
(0000340, 0, 0, 0, 0, 0, 0, 0, 0),
(0000341, 0, 0, 0, 0, 0, 0, 0, 0),
(0000342, 0, 0, 0, 0, 0, 0, 0, 0),
(0000343, 0, 0, 0, 0, 0, 0, 0, 0),
(0000344, 0, 0, 0, 0, 0, 0, 0, 0),
(0000345, 0, 0, 0, 0, 0, 0, 0, 0),
(0000346, 0, 0, 0, 0, 0, 0, 0, 0),
(0000347, 0, 0, 0, 0, 0, 0, 0, 0),
(0000348, 0, 0, 0, 0, 0, 0, 0, 0),
(0000349, 0, 0, 0, 0, 0, 0, 0, 0),
(0000350, 0, 0, 0, 0, 0, 0, 0, 0),
(0000351, 0, 0, 0, 0, 0, 0, 0, 0),
(0000352, 0, 0, 0, 0, 0, 0, 0, 0),
(0000353, 0, 0, 0, 0, 0, 0, 0, 0),
(0000354, 0, 0, 0, 0, 0, 0, 0, 0),
(0000355, 0, 0, 0, 0, 0, 0, 0, 0),
(0000356, 0, 0, 0, 0, 0, 0, 0, 0),
(0000357, 0, 0, 0, 0, 0, 0, 0, 0),
(0000358, 0, 0, 0, 0, 0, 0, 0, 0),
(0000359, 0, 0, 0, 0, 0, 0, 0, 0),
(0000360, 0, 0, 0, 0, 0, 0, 0, 0),
(0000361, 0, 0, 0, 0, 0, 0, 0, 0),
(0000362, 0, 0, 0, 0, 0, 0, 0, 0),
(0000363, 0, 0, 0, 0, 0, 0, 0, 0),
(0000364, 0, 0, 0, 0, 0, 0, 0, 0),
(0000365, 0, 0, 0, 0, 0, 0, 0, 0),
(0000366, 0, 0, 0, 0, 0, 0, 0, 0),
(0000367, 0, 0, 0, 0, 0, 0, 0, 0),
(0000368, 0, 0, 0, 0, 0, 0, 0, 0),
(0000369, 0, 0, 0, 0, 0, 0, 0, 0),
(0000370, 0, 0, 0, 0, 0, 0, 0, 0),
(0000371, 0, 0, 0, 0, 0, 0, 0, 0),
(0000372, 0, 0, 0, 0, 0, 0, 0, 0),
(0000373, 0, 0, 0, 0, 0, 0, 0, 0),
(0000374, 0, 0, 0, 0, 0, 0, 0, 0),
(0000375, 0, 0, 0, 0, 0, 0, 0, 0),
(0000376, 0, 0, 0, 0, 0, 0, 0, 0),
(0000377, 0, 0, 0, 0, 0, 0, 0, 0),
(0000378, 0, 0, 0, 0, 0, 0, 0, 0),
(0000379, 0, 0, 0, 0, 0, 0, 0, 0),
(0000380, 0, 0, 0, 0, 0, 0, 0, 0),
(0000381, 0, 0, 0, 0, 0, 0, 0, 0),
(0000382, 0, 0, 0, 0, 0, 0, 0, 0),
(0000383, 0, 0, 0, 0, 0, 0, 0, 0),
(0000384, 0, 0, 0, 0, 0, 0, 0, 0),
(0000385, 0, 0, 0, 0, 0, 0, 0, 0),
(0000386, 0, 0, 0, 0, 0, 0, 0, 0),
(0000387, 0, 0, 0, 0, 0, 0, 0, 0),
(0000388, 0, 0, 0, 0, 0, 0, 0, 0),
(0000389, 0, 0, 0, 0, 0, 0, 0, 0),
(0000390, 0, 0, 0, 0, 0, 0, 0, 0),
(0000391, 0, 0, 0, 0, 0, 0, 0, 0),
(0000392, 0, 0, 0, 0, 0, 0, 0, 0),
(0000393, 0, 0, 0, 0, 0, 0, 0, 0),
(0000394, 0, 0, 0, 0, 0, 0, 0, 0),
(0000395, 0, 0, 0, 0, 0, 0, 0, 0),
(0000396, 0, 0, 0, 0, 0, 0, 0, 0),
(0000397, 0, 0, 0, 0, 0, 0, 0, 0),
(0000398, 0, 0, 0, 0, 0, 0, 0, 0),
(0000399, 0, 0, 0, 0, 0, 0, 0, 0),
(0000400, 0, 0, 0, 0, 0, 0, 0, 0),
(0000401, 0, 0, 0, 0, 0, 0, 0, 0),
(0000402, 0, 0, 0, 0, 0, 0, 0, 0),
(0000403, 0, 0, 0, 0, 0, 0, 0, 0),
(0000404, 0, 0, 0, 0, 0, 0, 0, 0),
(0000405, 0, 0, 0, 0, 0, 0, 0, 0),
(0000406, 0, 0, 0, 0, 0, 0, 0, 0),
(0000407, 0, 0, 0, 0, 0, 0, 0, 0),
(0000408, 0, 0, 0, 0, 0, 0, 0, 0),
(0000409, 0, 0, 0, 0, 0, 0, 0, 0),
(0000410, 0, 0, 0, 0, 0, 0, 0, 0),
(0000411, 0, 0, 0, 0, 0, 0, 0, 0),
(0000412, 0, 0, 0, 0, 0, 0, 0, 0),
(0000413, 0, 0, 0, 0, 0, 0, 0, 0),
(0000414, 0, 0, 0, 0, 0, 0, 0, 0),
(0000415, 0, 0, 0, 0, 0, 0, 0, 0),
(0000416, 0, 0, 0, 0, 0, 0, 0, 0),
(0000417, 0, 0, 0, 0, 0, 0, 0, 0),
(0000418, 0, 0, 0, 0, 0, 0, 0, 0),
(0000419, 0, 0, 0, 0, 0, 0, 0, 0),
(0000420, 0, 0, 0, 0, 0, 0, 0, 0),
(0000421, 0, 0, 0, 0, 0, 0, 0, 0),
(0000422, 0, 0, 0, 0, 0, 0, 0, 0),
(0000423, 0, 0, 0, 0, 0, 0, 0, 0),
(0000424, 0, 0, 0, 0, 0, 0, 0, 0),
(0000425, 0, 0, 0, 0, 0, 0, 0, 0),
(0000426, 0, 0, 0, 0, 0, 0, 0, 0),
(0000427, 0, 0, 0, 0, 0, 0, 0, 0),
(0000428, 0, 0, 0, 0, 0, 0, 0, 0),
(0000429, 0, 0, 0, 0, 0, 0, 0, 0),
(0000430, 0, 0, 0, 0, 0, 0, 0, 0),
(0000431, 0, 0, 0, 0, 0, 0, 0, 0),
(0000432, 0, 0, 0, 0, 0, 0, 0, 0),
(0000433, 0, 0, 0, 0, 0, 0, 0, 0),
(0000434, 0, 0, 0, 0, 0, 0, 0, 0),
(0000435, 0, 0, 0, 0, 0, 0, 0, 0),
(0000436, 0, 0, 0, 0, 0, 0, 0, 0),
(0000437, 0, 0, 0, 0, 0, 0, 0, 0),
(0000438, 0, 0, 0, 0, 0, 0, 0, 0),
(0000439, 0, 0, 0, 0, 0, 0, 0, 0),
(0000440, 0, 0, 0, 0, 0, 0, 0, 0),
(0000441, 0, 0, 0, 0, 0, 0, 0, 0),
(0000442, 0, 0, 0, 0, 0, 0, 0, 0),
(0000443, 0, 0, 0, 0, 0, 0, 0, 0),
(0000444, 0, 0, 0, 0, 0, 0, 0, 0),
(0000445, 0, 0, 0, 0, 0, 0, 0, 0),
(0000446, 0, 0, 0, 0, 0, 0, 0, 0),
(0000447, 0, 0, 0, 0, 0, 0, 0, 0),
(0000448, 0, 0, 0, 0, 0, 0, 0, 0),
(0000449, 0, 0, 0, 0, 0, 0, 0, 0),
(0000450, 0, 0, 0, 0, 0, 0, 0, 0),
(0000451, 0, 0, 0, 0, 0, 0, 0, 0),
(0000452, 0, 0, 0, 0, 0, 0, 0, 0),
(0000453, 0, 0, 0, 0, 0, 0, 0, 0),
(0000454, 0, 0, 0, 0, 0, 0, 0, 0),
(0000455, 0, 0, 0, 0, 0, 0, 0, 0),
(0000456, 0, 0, 0, 0, 0, 0, 0, 0),
(0000457, 0, 0, 0, 0, 0, 0, 0, 0),
(0000458, 0, 0, 0, 0, 0, 0, 0, 0),
(0000459, 0, 0, 0, 0, 0, 0, 0, 0),
(0000460, 0, 0, 0, 0, 0, 0, 0, 0),
(0000461, 0, 0, 0, 0, 0, 0, 0, 0),
(0000462, 0, 0, 0, 0, 0, 0, 0, 0),
(0000463, 0, 0, 0, 0, 0, 0, 0, 0),
(0000464, 0, 0, 0, 0, 0, 0, 0, 0),
(0000465, 0, 0, 0, 0, 0, 0, 0, 0),
(0000466, 0, 0, 0, 0, 0, 0, 0, 0),
(0000467, 0, 0, 0, 0, 0, 0, 0, 0),
(0000468, 0, 0, 0, 0, 0, 0, 0, 0),
(0000469, 0, 0, 0, 0, 0, 0, 0, 0),
(0000470, 0, 0, 0, 0, 0, 0, 0, 0),
(0000471, 0, 0, 0, 0, 0, 0, 0, 0),
(0000472, 0, 0, 0, 0, 0, 0, 0, 0),
(0000473, 0, 0, 0, 0, 0, 0, 0, 0),
(0000474, 0, 0, 0, 0, 0, 0, 0, 0),
(0000475, 0, 0, 0, 0, 0, 0, 0, 0),
(0000476, 0, 0, 0, 0, 0, 0, 0, 0),
(0000477, 0, 0, 0, 0, 0, 0, 0, 0),
(0000478, 0, 0, 0, 0, 0, 0, 0, 0),
(0000479, 0, 0, 0, 0, 0, 0, 0, 0),
(0000480, 0, 0, 0, 0, 0, 0, 0, 0),
(0000481, 0, 0, 0, 0, 0, 0, 0, 0),
(0000482, 0, 0, 0, 0, 0, 0, 0, 0),
(0000483, 0, 0, 0, 0, 0, 0, 0, 0),
(0000484, 0, 0, 0, 0, 0, 0, 0, 0),
(0000485, 0, 0, 0, 0, 0, 0, 0, 0),
(0000486, 0, 0, 0, 0, 0, 0, 0, 0),
(0000487, 0, 0, 0, 0, 0, 0, 0, 0),
(0000488, 0, 0, 0, 0, 0, 0, 0, 0),
(0000489, 0, 0, 0, 0, 0, 0, 0, 0),
(0000490, 0, 0, 0, 0, 0, 0, 0, 0),
(0000491, 0, 0, 0, 0, 0, 0, 0, 0),
(0000492, 0, 0, 0, 0, 0, 0, 0, 0),
(0000493, 0, 0, 0, 0, 0, 0, 0, 0),
(0000494, 0, 0, 0, 0, 0, 0, 0, 0),
(0000495, 0, 0, 0, 0, 0, 0, 0, 0),
(0000496, 0, 0, 0, 0, 0, 0, 0, 0),
(0000497, 0, 0, 0, 0, 0, 0, 0, 0),
(0000498, 0, 0, 0, 0, 0, 0, 0, 0),
(0000499, 0, 0, 0, 0, 0, 0, 0, 0),
(0000500, 0, 0, 0, 0, 0, 0, 0, 0),
(0000501, 0, 0, 0, 0, 0, 0, 0, 0),
(0000502, 0, 0, 0, 0, 0, 0, 0, 0),
(0000503, 0, 0, 0, 0, 0, 0, 0, 0),
(0000504, 0, 0, 0, 0, 0, 0, 0, 0),
(0000505, 0, 0, 0, 0, 0, 0, 0, 0),
(0000506, 0, 0, 0, 0, 0, 0, 0, 0),
(0000507, 0, 0, 0, 0, 0, 0, 0, 0),
(0000508, 0, 0, 0, 0, 0, 0, 0, 0),
(0000509, 0, 0, 0, 0, 0, 0, 0, 0),
(0000510, 0, 0, 0, 0, 0, 0, 0, 0),
(0000511, 0, 0, 0, 0, 0, 0, 0, 0),
(0000512, 0, 0, 0, 0, 0, 0, 0, 0),
(0000513, 0, 0, 0, 0, 0, 0, 0, 0),
(0000514, 0, 0, 0, 0, 0, 0, 0, 0),
(0000515, 0, 0, 0, 0, 0, 0, 0, 0),
(0000516, 0, 0, 0, 0, 0, 0, 0, 0),
(0000517, 0, 0, 0, 0, 0, 0, 0, 0),
(0000518, 0, 0, 0, 0, 0, 0, 0, 0),
(0000519, 0, 0, 0, 0, 0, 0, 0, 0),
(0000520, 0, 0, 0, 0, 0, 0, 0, 0),
(0000521, 0, 0, 0, 0, 0, 0, 0, 0),
(0000522, 0, 0, 0, 0, 0, 0, 0, 0),
(0000523, 0, 0, 0, 0, 0, 0, 0, 0),
(0000524, 0, 0, 0, 0, 0, 0, 0, 0),
(0000525, 0, 0, 0, 0, 0, 0, 0, 0),
(0000526, 0, 0, 0, 0, 0, 0, 0, 0),
(0000527, 0, 0, 0, 0, 0, 0, 0, 0),
(0000528, 0, 0, 0, 0, 0, 0, 0, 0),
(0000529, 0, 0, 0, 0, 0, 0, 0, 0),
(0000530, 0, 0, 0, 0, 0, 0, 0, 0),
(0000531, 0, 0, 0, 0, 0, 0, 0, 0),
(0000532, 0, 0, 0, 0, 0, 0, 0, 0),
(0000533, 0, 0, 0, 0, 0, 0, 0, 0),
(0000534, 0, 0, 0, 0, 0, 0, 0, 0),
(0000535, 0, 0, 0, 0, 0, 0, 0, 0),
(0000536, 0, 0, 0, 0, 0, 0, 0, 0),
(0000537, 0, 0, 0, 0, 0, 0, 0, 0),
(0000538, 0, 0, 0, 0, 0, 0, 0, 0),
(0000539, 12, 11, 1, 0, 0, 0, 0, 0),
(0000540, 0, 0, 0, 0, 0, 0, 0, 0),
(0000541, 0, 0, 0, 0, 0, 0, 0, 0),
(0000542, 0, 0, 0, 0, 0, 0, 0, 0),
(0000543, 0, 0, 0, 0, 0, 0, 0, 0),
(0000544, 0, 0, 0, 0, 0, 0, 0, 0),
(0000545, 0, 0, 0, 0, 0, 0, 0, 0),
(0000546, 0, 0, 0, 0, 0, 0, 0, 0),
(0000547, 0, 0, 0, 0, 0, 0, 0, 0),
(0000548, 0, 0, 0, 0, 0, 0, 0, 0),
(0000549, 0, 0, 0, 0, 0, 0, 0, 0),
(0000550, 0, 0, 0, 0, 0, 0, 0, 0),
(0000551, 0, 0, 0, 0, 0, 0, 0, 0),
(0000552, 0, 0, 0, 0, 0, 0, 0, 0),
(0000553, 0, 0, 0, 0, 0, 0, 0, 0),
(0000554, 0, 0, 0, 0, 0, 0, 0, 0),
(0000555, 0, 0, 0, 0, 0, 0, 0, 0),
(0000556, 0, 0, 0, 0, 0, 0, 0, 0),
(0000557, 0, 0, 0, 0, 0, 0, 0, 0),
(0000558, 0, 0, 0, 0, 0, 0, 0, 0),
(0000559, 0, 0, 0, 0, 0, 0, 0, 0),
(0000560, 0, 0, 0, 0, 0, 0, 0, 0),
(0000561, 0, 0, 0, 0, 0, 0, 0, 0),
(0000562, 0, 0, 0, 0, 0, 0, 0, 0),
(0000563, 0, 0, 0, 0, 0, 0, 0, 0),
(0000564, 0, 0, 0, 0, 0, 0, 0, 0),
(0000565, 0, 0, 0, 0, 0, 0, 0, 0),
(0000566, 0, 0, 0, 0, 0, 0, 0, 0),
(0000567, 0, 0, 0, 0, 0, 0, 0, 0),
(0000568, 0, 0, 0, 0, 0, 0, 0, 0),
(0000569, 0, 0, 0, 0, 0, 0, 0, 0),
(0000570, 0, 0, 0, 0, 0, 0, 0, 0),
(0000571, 0, 0, 0, 0, 0, 0, 0, 0),
(0000572, 0, 0, 0, 0, 0, 0, 0, 0),
(0000573, 0, 0, 0, 0, 0, 0, 0, 0),
(0000574, 0, 0, 0, 0, 0, 0, 0, 0),
(0000575, 0, 0, 0, 0, 0, 0, 0, 0),
(0000576, 0, 0, 0, 0, 0, 0, 0, 0),
(0000577, 0, 0, 0, 0, 0, 0, 0, 0),
(0000578, 0, 0, 0, 0, 0, 0, 0, 0),
(0000579, 0, 0, 0, 0, 0, 0, 0, 0),
(0000580, 0, 0, 0, 0, 0, 0, 0, 0),
(0000581, 0, 0, 0, 0, 0, 0, 0, 0),
(0000582, 0, 0, 0, 0, 0, 0, 0, 0),
(0000583, 0, 0, 0, 0, 0, 0, 0, 0),
(0000584, 0, 0, 0, 0, 0, 0, 0, 0),
(0000585, 0, 0, 0, 0, 0, 0, 0, 0),
(0000586, 0, 0, 0, 0, 0, 0, 0, 0),
(0000587, 0, 0, 0, 0, 0, 0, 0, 0),
(0000588, 0, 0, 0, 0, 0, 0, 0, 0),
(0000589, 0, 0, 0, 0, 0, 0, 0, 0),
(0000590, 0, 0, 0, 0, 0, 0, 0, 0),
(0000591, 0, 0, 0, 0, 0, 0, 0, 0),
(0000592, 0, 0, 0, 0, 0, 0, 0, 0),
(0000593, 0, 0, 0, 0, 0, 0, 0, 0),
(0000594, 0, 0, 0, 0, 0, 0, 0, 0),
(0000595, 0, 0, 0, 0, 0, 0, 0, 0),
(0000596, 0, 0, 0, 0, 0, 0, 0, 0),
(0000597, 0, 0, 0, 0, 0, 0, 0, 0),
(0000598, 0, 0, 0, 0, 0, 0, 0, 0),
(0000599, 0, 0, 0, 0, 0, 0, 0, 0),
(0000600, 0, 0, 0, 0, 0, 0, 0, 0),
(0000601, 0, 0, 0, 0, 0, 0, 0, 0),
(0000602, 0, 0, 0, 0, 0, 0, 0, 0),
(0000603, 0, 0, 0, 0, 0, 0, 0, 0),
(0000604, 0, 0, 0, 0, 0, 0, 0, 0),
(0000605, 0, 0, 0, 0, 0, 0, 0, 0),
(0000606, 0, 0, 0, 0, 0, 0, 0, 0),
(0000607, 0, 0, 0, 0, 0, 0, 0, 0),
(0000608, 0, 0, 0, 0, 0, 0, 0, 0),
(0000609, 0, 0, 0, 0, 0, 0, 0, 0),
(0000610, 0, 0, 0, 0, 0, 0, 0, 0),
(0000611, 0, 0, 0, 0, 0, 0, 0, 0),
(0000612, 0, 0, 0, 0, 0, 0, 0, 0),
(0000613, 0, 0, 0, 0, 0, 0, 0, 0),
(0000614, 0, 0, 0, 0, 0, 0, 0, 0),
(0000615, 0, 0, 0, 0, 0, 0, 0, 0),
(0000616, 0, 0, 0, 0, 0, 0, 0, 0),
(0000617, 0, 0, 0, 0, 0, 0, 0, 0),
(0000618, 0, 0, 0, 0, 0, 0, 0, 0),
(0000619, 0, 0, 0, 0, 0, 0, 0, 0),
(0000620, 0, 0, 0, 0, 0, 0, 0, 0),
(0000621, 0, 0, 0, 0, 0, 0, 0, 0),
(0000622, 0, 0, 0, 0, 0, 0, 0, 0),
(0000623, 0, 0, 0, 0, 0, 0, 0, 0),
(0000624, 0, 0, 0, 0, 0, 0, 0, 0),
(0000625, 0, 0, 0, 0, 0, 0, 0, 0),
(0000626, 0, 0, 0, 0, 0, 0, 0, 0),
(0000627, 0, 0, 0, 0, 0, 0, 0, 0),
(0000628, 0, 0, 0, 0, 0, 0, 0, 0),
(0000629, 0, 0, 0, 0, 0, 0, 0, 0),
(0000630, 0, 0, 0, 0, 0, 0, 0, 0),
(0000631, 0, 0, 0, 0, 0, 0, 0, 0),
(0000632, 0, 0, 0, 0, 0, 0, 0, 0),
(0000633, 0, 0, 0, 0, 0, 0, 0, 0),
(0000634, 0, 0, 0, 0, 0, 0, 0, 0),
(0000635, 0, 0, 0, 0, 0, 0, 0, 0),
(0000636, 0, 0, 0, 0, 0, 0, 0, 0),
(0000637, 0, 0, 0, 0, 0, 0, 0, 0),
(0000638, 0, 0, 0, 0, 0, 0, 0, 0),
(0000639, 0, 0, 0, 0, 0, 0, 0, 0),
(0000640, 0, 0, 0, 0, 0, 0, 0, 0),
(0000641, 0, 0, 0, 0, 0, 0, 0, 0),
(0000642, 0, 0, 0, 0, 0, 0, 0, 0),
(0000643, 0, 0, 0, 0, 0, 0, 0, 0),
(0000644, 0, 0, 0, 0, 0, 0, 0, 0),
(0000645, 0, 0, 0, 0, 0, 0, 0, 0),
(0000646, 0, 0, 0, 0, 0, 0, 0, 0),
(0000647, 0, 0, 0, 0, 0, 0, 0, 0),
(0000648, 0, 0, 0, 0, 0, 0, 0, 0),
(0000649, 0, 0, 0, 0, 0, 0, 0, 0),
(0000650, 0, 0, 0, 0, 0, 0, 0, 0),
(0000651, 0, 0, 0, 0, 0, 0, 0, 0),
(0000652, 0, 0, 0, 0, 0, 0, 0, 0),
(0000653, 0, 0, 0, 0, 0, 0, 0, 0),
(0000654, 0, 0, 0, 0, 0, 0, 0, 0),
(0000655, 0, 0, 0, 0, 0, 0, 0, 0),
(0000656, 0, 0, 0, 0, 0, 0, 0, 0),
(0000657, 0, 0, 0, 0, 0, 0, 0, 0),
(0000658, 0, 0, 0, 0, 0, 0, 0, 0),
(0000659, 0, 0, 0, 0, 0, 0, 0, 0),
(0000660, 0, 0, 0, 0, 0, 0, 0, 0),
(0000661, 0, 0, 0, 0, 0, 0, 0, 0),
(0000662, 0, 0, 0, 0, 0, 0, 0, 0),
(0000663, 0, 0, 0, 0, 0, 0, 0, 0),
(0000664, 0, 0, 0, 0, 0, 0, 0, 0),
(0000665, 0, 0, 0, 0, 0, 0, 0, 0),
(0000666, 2, 1, 1, 0, 0, 0, 0, 0),
(0000667, 0, 0, 0, 0, 0, 0, 0, 0),
(0000668, 0, 0, 0, 0, 0, 0, 0, 0),
(0000669, 0, 0, 0, 0, 0, 0, 0, 0),
(0000670, 1, 1, 0, 0, 0, 0, 0, 0),
(0000671, 0, 0, 0, 0, 0, 0, 0, 0),
(0000672, 0, 0, 0, 0, 0, 0, 0, 0),
(0000673, 0, 0, 0, 0, 0, 0, 0, 0),
(0000674, 0, 0, 0, 0, 0, 0, 0, 0),
(0000675, 0, 0, 0, 0, 0, 0, 0, 0),
(0000676, 1, 1, 0, 0, 0, 0, 0, 0),
(0000677, 0, 0, 0, 0, 0, 0, 0, 0),
(0000678, 0, 0, 0, 0, 0, 0, 0, 0),
(0000679, 0, 0, 0, 0, 0, 0, 0, 0),
(0000680, 0, 0, 0, 0, 0, 0, 0, 0),
(0000681, 0, 0, 0, 0, 0, 0, 0, 0),
(0000682, 0, 0, 0, 0, 0, 0, 0, 0),
(0000683, 0, 0, 0, 0, 0, 0, 0, 0),
(0000684, 0, 0, 0, 0, 0, 0, 0, 0),
(0000685, 0, 0, 0, 0, 0, 0, 0, 0),
(0000686, 0, 0, 0, 0, 0, 0, 0, 0),
(0000687, 0, 0, 0, 0, 0, 0, 0, 0),
(0000688, 0, 0, 0, 0, 0, 0, 0, 0),
(0000689, 0, 0, 0, 0, 0, 0, 0, 0),
(0000690, 0, 0, 0, 0, 0, 0, 0, 0),
(0000691, 0, 0, 0, 0, 0, 0, 0, 0),
(0000692, 0, 0, 0, 0, 0, 0, 0, 0),
(0000693, 0, 0, 0, 0, 0, 0, 0, 0),
(0000694, 0, 0, 0, 0, 0, 0, 0, 0),
(0000695, 0, 0, 0, 0, 0, 0, 0, 0),
(0000696, 0, 0, 0, 0, 0, 0, 0, 0),
(0000697, 0, 0, 0, 0, 0, 0, 0, 0),
(0000698, 0, 0, 0, 0, 0, 0, 0, 0),
(0000699, 0, 0, 0, 0, 0, 0, 0, 0),
(0000700, 0, 0, 0, 0, 0, 0, 0, 0),
(0000701, 0, 0, 0, 0, 0, 0, 0, 0),
(0000702, 0, 0, 0, 0, 0, 0, 0, 0),
(0000703, 0, 0, 0, 0, 0, 0, 0, 0),
(0000704, 0, 0, 0, 0, 0, 0, 0, 0),
(0000705, 0, 0, 0, 0, 0, 0, 0, 0),
(0000706, 0, 0, 0, 0, 0, 0, 0, 0),
(0000707, 0, 0, 0, 0, 0, 0, 0, 0),
(0000708, 0, 0, 0, 0, 0, 0, 0, 0),
(0000709, 0, 0, 0, 0, 0, 0, 0, 0),
(0000710, 0, 0, 0, 0, 0, 0, 0, 0),
(0000711, 0, 0, 0, 0, 0, 0, 0, 0),
(0000712, 0, 0, 0, 0, 0, 0, 0, 0),
(0000713, 0, 0, 0, 0, 0, 0, 0, 0),
(0000714, 0, 0, 0, 0, 0, 0, 0, 0),
(0000715, 0, 0, 0, 0, 0, 0, 0, 0),
(0000716, 0, 0, 0, 0, 0, 0, 0, 0),
(0000717, 0, 0, 0, 0, 0, 0, 0, 0),
(0000718, 0, 0, 0, 0, 0, 0, 0, 0),
(0000719, 0, 0, 0, 0, 0, 0, 0, 0),
(0000720, 0, 0, 0, 0, 0, 0, 0, 0),
(0000721, 0, 0, 0, 0, 0, 0, 0, 0),
(0000722, 0, 0, 0, 0, 0, 0, 0, 0),
(0000723, 0, 0, 0, 0, 0, 0, 0, 0),
(0000724, 0, 0, 0, 0, 0, 0, 0, 0),
(0000725, 0, 0, 0, 0, 0, 0, 0, 0),
(0000726, 0, 0, 0, 0, 0, 0, 0, 0),
(0000727, 0, 0, 0, 0, 0, 0, 0, 0),
(0000728, 0, 0, 0, 0, 0, 0, 0, 0),
(0000729, 0, 0, 0, 0, 0, 0, 0, 0),
(0000730, 0, 0, 0, 0, 0, 0, 0, 0),
(0000731, 0, 0, 0, 0, 0, 0, 0, 0),
(0000732, 0, 0, 0, 0, 0, 0, 0, 0),
(0000733, 0, 0, 0, 0, 0, 0, 0, 0),
(0000734, 0, 0, 0, 0, 0, 0, 0, 0),
(0000735, 0, 0, 0, 0, 0, 0, 0, 0),
(0000736, 0, 0, 0, 0, 0, 0, 0, 0),
(0000737, 0, 0, 0, 0, 0, 0, 0, 0),
(0000738, 0, 0, 0, 0, 0, 0, 0, 0),
(0000739, 0, 0, 0, 0, 0, 0, 0, 0),
(0000740, 0, 0, 0, 0, 0, 0, 0, 0),
(0000741, 0, 0, 0, 0, 0, 0, 0, 0),
(0000742, 0, 0, 0, 0, 0, 0, 0, 0),
(0000743, 0, 0, 0, 0, 0, 0, 0, 0),
(0000744, 0, 0, 0, 0, 0, 0, 0, 0),
(0000745, 0, 0, 0, 0, 0, 0, 0, 0),
(0000746, 0, 0, 0, 0, 0, 0, 0, 0),
(0000747, 0, 0, 0, 0, 0, 0, 0, 0),
(0000748, 0, 0, 0, 0, 0, 0, 0, 0),
(0000749, 0, 0, 0, 0, 0, 0, 0, 0),
(0000750, 0, 0, 0, 0, 0, 0, 0, 0),
(0000751, 0, 0, 0, 0, 0, 0, 0, 0),
(0000752, 0, 0, 0, 0, 0, 0, 0, 0),
(0000753, 0, 0, 0, 0, 0, 0, 0, 0),
(0000754, 0, 0, 0, 0, 0, 0, 0, 0),
(0000755, 0, 0, 0, 0, 0, 0, 0, 0),
(0000756, 0, 0, 0, 0, 0, 0, 0, 0),
(0000757, 0, 0, 0, 0, 0, 0, 0, 0),
(0000758, 0, 0, 0, 0, 0, 0, 0, 0),
(0000759, 0, 0, 0, 0, 0, 0, 0, 0),
(0000760, 0, 0, 0, 0, 0, 0, 0, 0),
(0000761, 0, 0, 0, 0, 0, 0, 0, 0),
(0000762, 0, 0, 0, 0, 0, 0, 0, 0),
(0000763, 0, 0, 0, 0, 0, 0, 0, 0),
(0000764, 0, 0, 0, 0, 0, 0, 0, 0),
(0000765, 0, 0, 0, 0, 0, 0, 0, 0),
(0000766, 0, 0, 0, 0, 0, 0, 0, 0),
(0000767, 0, 0, 0, 0, 0, 0, 0, 0),
(0000768, 0, 0, 0, 0, 0, 0, 0, 0),
(0000769, 0, 0, 0, 0, 0, 0, 0, 0),
(0000770, 0, 0, 0, 0, 0, 0, 0, 0),
(0000771, 0, 0, 0, 0, 0, 0, 0, 0),
(0000772, 0, 0, 0, 0, 0, 0, 0, 0),
(0000773, 0, 0, 0, 0, 0, 0, 0, 0),
(0000774, 0, 0, 0, 0, 0, 0, 0, 0),
(0000775, 0, 0, 0, 0, 0, 0, 0, 0),
(0000776, 0, 0, 0, 0, 0, 0, 0, 0),
(0000777, 0, 0, 0, 0, 0, 0, 0, 0),
(0000778, 0, 0, 0, 0, 0, 0, 0, 0),
(0000779, 0, 0, 0, 0, 0, 0, 0, 0),
(0000780, 0, 0, 0, 0, 0, 0, 0, 0),
(0000781, 0, 0, 0, 0, 0, 0, 0, 0),
(0000782, 0, 0, 0, 0, 0, 0, 0, 0),
(0000783, 0, 0, 0, 0, 0, 0, 0, 0),
(0000784, 0, 0, 0, 0, 0, 0, 0, 0),
(0000785, 0, 0, 0, 0, 0, 0, 0, 0),
(0000786, 0, 0, 0, 0, 0, 0, 0, 0),
(0000787, 0, 0, 0, 0, 0, 0, 0, 0),
(0000788, 0, 0, 0, 0, 0, 0, 0, 0),
(0000789, 0, 0, 0, 0, 0, 0, 0, 0),
(0000790, 0, 0, 0, 0, 0, 0, 0, 0),
(0000791, 0, 0, 0, 0, 0, 0, 0, 0),
(0000792, 0, 0, 0, 0, 0, 0, 0, 0),
(0000793, 0, 0, 0, 0, 0, 0, 0, 0),
(0000794, 0, 0, 0, 0, 0, 0, 0, 0),
(0000795, 0, 0, 0, 0, 0, 0, 0, 0),
(0000796, 0, 0, 0, 0, 0, 0, 0, 0),
(0000797, 0, 0, 0, 0, 0, 0, 0, 0),
(0000798, 0, 0, 0, 0, 0, 0, 0, 0),
(0000799, 0, 0, 0, 0, 0, 0, 0, 0),
(0000800, 0, 0, 0, 0, 0, 0, 0, 0),
(0000801, 0, 0, 0, 0, 0, 0, 0, 0),
(0000802, 0, 0, 0, 0, 0, 0, 0, 0),
(0000803, 0, 0, 0, 0, 0, 0, 0, 0),
(0000804, 0, 0, 0, 0, 0, 0, 0, 0),
(0000805, 0, 0, 0, 0, 0, 0, 0, 0),
(0000806, 0, 0, 0, 0, 0, 0, 0, 0),
(0000807, 0, 0, 0, 0, 0, 0, 0, 0),
(0000808, 0, 0, 0, 0, 0, 0, 0, 0),
(0000809, 0, 0, 0, 0, 0, 0, 0, 0),
(0000810, 0, 0, 0, 0, 0, 0, 0, 0),
(0000811, 0, 0, 0, 0, 0, 0, 0, 0),
(0000812, 0, 0, 0, 0, 0, 0, 0, 0),
(0000813, 0, 0, 0, 0, 0, 0, 0, 0),
(0000814, 0, 0, 0, 0, 0, 0, 0, 0),
(0000815, 0, 0, 0, 0, 0, 0, 0, 0),
(0000816, 0, 0, 0, 0, 0, 0, 0, 0),
(0000817, 0, 0, 0, 0, 0, 0, 0, 0),
(0000818, 0, 0, 0, 0, 0, 0, 0, 0),
(0000819, 0, 0, 0, 0, 0, 0, 0, 0),
(0000820, 0, 0, 0, 0, 0, 0, 0, 0),
(0000821, 0, 0, 0, 0, 0, 0, 0, 0),
(0000822, 0, 0, 0, 0, 0, 0, 0, 0),
(0000823, 0, 0, 0, 0, 0, 0, 0, 0),
(0000824, 0, 0, 0, 0, 0, 0, 0, 0),
(0000825, 0, 0, 0, 0, 0, 0, 0, 0),
(0000826, 0, 0, 0, 0, 0, 0, 0, 0),
(0000827, 0, 0, 0, 0, 0, 0, 0, 0),
(0000828, 0, 0, 0, 0, 0, 0, 0, 0),
(0000829, 0, 0, 0, 0, 0, 0, 0, 0),
(0000830, 0, 0, 0, 0, 0, 0, 0, 0),
(0000831, 0, 0, 0, 0, 0, 0, 0, 0),
(0000832, 0, 0, 0, 0, 0, 0, 0, 0),
(0000833, 0, 0, 0, 0, 0, 0, 0, 0),
(0000834, 0, 0, 0, 0, 0, 0, 0, 0),
(0000835, 0, 0, 0, 0, 0, 0, 0, 0),
(0000836, 0, 0, 0, 0, 0, 0, 0, 0),
(0000837, 0, 0, 0, 0, 0, 0, 0, 0),
(0000838, 0, 0, 0, 0, 0, 0, 0, 0),
(0000839, 0, 0, 0, 0, 0, 0, 0, 0),
(0000840, 0, 0, 0, 0, 0, 0, 0, 0),
(0000841, 0, 0, 0, 0, 0, 0, 0, 0),
(0000842, 0, 0, 0, 0, 0, 0, 0, 0),
(0000843, 0, 0, 0, 0, 0, 0, 0, 0),
(0000844, 0, 0, 0, 0, 0, 0, 0, 0),
(0000845, 0, 0, 0, 0, 0, 0, 0, 0),
(0000846, 0, 0, 0, 0, 0, 0, 0, 0),
(0000847, 0, 0, 0, 0, 0, 0, 0, 0),
(0000848, 0, 0, 0, 0, 0, 0, 0, 0),
(0000849, 0, 0, 0, 0, 0, 0, 0, 0),
(0000850, 0, 0, 0, 0, 0, 0, 0, 0),
(0000851, 0, 0, 0, 0, 0, 0, 0, 0),
(0000852, 0, 0, 0, 0, 0, 0, 0, 0),
(0000853, 0, 0, 0, 0, 0, 0, 0, 0),
(0000854, 0, 0, 0, 0, 0, 0, 0, 0),
(0000855, 0, 0, 0, 0, 0, 0, 0, 0),
(0000856, 0, 0, 0, 0, 0, 0, 0, 0),
(0000857, 0, 0, 0, 0, 0, 0, 0, 0),
(0000858, 0, 0, 0, 0, 0, 0, 0, 0),
(0000859, 0, 0, 0, 0, 0, 0, 0, 0),
(0000860, 0, 0, 0, 0, 0, 0, 0, 0),
(0000861, 0, 0, 0, 0, 0, 0, 0, 0),
(0000862, 0, 0, 0, 0, 0, 0, 0, 0),
(0000863, 0, 0, 0, 0, 0, 0, 0, 0),
(0000864, 0, 0, 0, 0, 0, 0, 0, 0),
(0000865, 0, 0, 0, 0, 0, 0, 0, 0),
(0000866, 0, 0, 0, 0, 0, 0, 0, 0),
(0000867, 0, 0, 0, 0, 0, 0, 0, 0),
(0000868, 0, 0, 0, 0, 0, 0, 0, 0),
(0000869, 0, 0, 0, 0, 0, 0, 0, 0),
(0000870, 0, 0, 0, 0, 0, 0, 0, 0),
(0000871, 0, 0, 0, 0, 0, 0, 0, 0),
(0000872, 0, 0, 0, 0, 0, 0, 0, 0),
(0000873, 0, 0, 0, 0, 0, 0, 0, 0),
(0000874, 0, 0, 0, 0, 0, 0, 0, 0),
(0000875, 0, 0, 0, 0, 0, 0, 0, 0),
(0000876, 0, 0, 0, 0, 0, 0, 0, 0),
(0000877, 0, 0, 0, 0, 0, 0, 0, 0),
(0000878, 0, 0, 0, 0, 0, 0, 0, 0),
(0000879, 0, 0, 0, 0, 0, 0, 0, 0),
(0000880, 0, 0, 0, 0, 0, 0, 0, 0),
(0000881, 0, 0, 0, 0, 0, 0, 0, 0),
(0000882, 0, 0, 0, 0, 0, 0, 0, 0),
(0000883, 0, 0, 0, 0, 0, 0, 0, 0),
(0000884, 0, 0, 0, 0, 0, 0, 0, 0),
(0000885, 0, 0, 0, 0, 0, 0, 0, 0),
(0000886, 0, 0, 0, 0, 0, 0, 0, 0),
(0000887, 0, 0, 0, 0, 0, 0, 0, 0),
(0000888, 0, 0, 0, 0, 0, 0, 0, 0),
(0000889, 0, 0, 0, 0, 0, 0, 0, 0),
(0000890, 0, 0, 0, 0, 0, 0, 0, 0),
(0000891, 0, 0, 0, 0, 0, 0, 0, 0),
(0000892, 0, 0, 0, 0, 0, 0, 0, 0),
(0000893, 0, 0, 0, 0, 0, 0, 0, 0),
(0000894, 0, 0, 0, 0, 0, 0, 0, 0),
(0000895, 0, 0, 0, 0, 0, 0, 0, 0),
(0000896, 0, 0, 0, 0, 0, 0, 0, 0),
(0000897, 0, 0, 0, 0, 0, 0, 0, 0),
(0000898, 0, 0, 0, 0, 0, 0, 0, 0),
(0000899, 0, 0, 0, 0, 0, 0, 0, 0),
(0000900, 0, 0, 0, 0, 0, 0, 0, 0),
(0000901, 0, 0, 0, 0, 0, 0, 0, 0),
(0000902, 0, 0, 0, 0, 0, 0, 0, 0),
(0000903, 0, 0, 0, 0, 0, 0, 0, 0),
(0000904, 0, 0, 0, 0, 0, 0, 0, 0),
(0000905, 0, 0, 0, 0, 0, 0, 0, 0),
(0000906, 0, 0, 0, 0, 0, 0, 0, 0),
(0000907, 0, 0, 0, 0, 0, 0, 0, 0),
(0000908, 0, 0, 0, 0, 0, 0, 0, 0),
(0000909, 0, 0, 0, 0, 0, 0, 0, 0),
(0000910, 0, 0, 0, 0, 0, 0, 0, 0),
(0000911, 0, 0, 0, 0, 0, 0, 0, 0),
(0000912, 0, 0, 0, 0, 0, 0, 0, 0),
(0000913, 0, 0, 0, 0, 0, 0, 0, 0),
(0000914, 0, 0, 0, 0, 0, 0, 0, 0),
(0000915, 0, 0, 0, 0, 0, 0, 0, 0),
(0000916, 0, 0, 0, 0, 0, 0, 0, 0),
(0000917, 0, 0, 0, 0, 0, 0, 0, 0),
(0000918, 0, 0, 0, 0, 0, 0, 0, 0),
(0000919, 0, 0, 0, 0, 0, 0, 0, 0),
(0000920, 0, 0, 0, 0, 0, 0, 0, 0),
(0000921, 0, 0, 0, 0, 0, 0, 0, 0),
(0000922, 0, 0, 0, 0, 0, 0, 0, 0),
(0000923, 0, 0, 0, 0, 0, 0, 0, 0),
(0000924, 0, 0, 0, 0, 0, 0, 0, 0),
(0000925, 0, 0, 0, 0, 0, 0, 0, 0),
(0000926, 0, 0, 0, 0, 0, 0, 0, 0),
(0000927, 0, 0, 0, 0, 0, 0, 0, 0),
(0000928, 0, 0, 0, 0, 0, 0, 0, 0),
(0000929, 0, 0, 0, 0, 0, 0, 0, 0),
(0000930, 0, 0, 0, 0, 0, 0, 0, 0),
(0000931, 0, 0, 0, 0, 0, 0, 0, 0),
(0000932, 0, 0, 0, 0, 0, 0, 0, 0),
(0000933, 0, 0, 0, 0, 0, 0, 0, 0),
(0000934, 0, 0, 0, 0, 0, 0, 0, 0),
(0000935, 0, 0, 0, 0, 0, 0, 0, 0),
(0000936, 0, 0, 0, 0, 0, 0, 0, 0),
(0000937, 0, 0, 0, 0, 0, 0, 0, 0),
(0000938, 0, 0, 0, 0, 0, 0, 0, 0),
(0000939, 0, 0, 0, 0, 0, 0, 0, 0),
(0000940, 0, 0, 0, 0, 0, 0, 0, 0),
(0000941, 0, 0, 0, 0, 0, 0, 0, 0),
(0000942, 0, 0, 0, 0, 0, 0, 0, 0),
(0000943, 0, 0, 0, 0, 0, 0, 0, 0),
(0000944, 0, 0, 0, 0, 0, 0, 0, 0),
(0000945, 0, 0, 0, 0, 0, 0, 0, 0),
(0000946, 0, 0, 0, 0, 0, 0, 0, 0),
(0000947, 0, 0, 0, 0, 0, 0, 0, 0),
(0000948, 0, 0, 0, 0, 0, 0, 0, 0),
(0000949, 0, 0, 0, 0, 0, 0, 0, 0),
(0000950, 0, 0, 0, 0, 0, 0, 0, 0),
(0000951, 0, 0, 0, 0, 0, 0, 0, 0),
(0000952, 0, 0, 0, 0, 0, 0, 0, 0),
(0000953, 0, 0, 0, 0, 0, 0, 0, 0),
(0000954, 0, 0, 0, 0, 0, 0, 0, 0),
(0000955, 0, 0, 0, 0, 0, 0, 0, 0),
(0000956, 0, 0, 0, 0, 0, 0, 0, 0),
(0000957, 0, 0, 0, 0, 0, 0, 0, 0),
(0000958, 0, 0, 0, 0, 0, 0, 0, 0),
(0000959, 0, 0, 0, 0, 0, 0, 0, 0),
(0000960, 0, 0, 0, 0, 0, 0, 0, 0),
(0000961, 0, 0, 0, 0, 0, 0, 0, 0),
(0000962, 0, 0, 0, 0, 0, 0, 0, 0),
(0000963, 0, 0, 0, 0, 0, 0, 0, 0),
(0000964, 0, 0, 0, 0, 0, 0, 0, 0),
(0000965, 0, 0, 0, 0, 0, 0, 0, 0),
(0000966, 0, 0, 0, 0, 0, 0, 0, 0),
(0000967, 0, 0, 0, 0, 0, 0, 0, 0),
(0000968, 0, 0, 0, 0, 0, 0, 0, 0),
(0000969, 0, 0, 0, 0, 0, 0, 0, 0),
(0000970, 0, 0, 0, 0, 0, 0, 0, 0),
(0000971, 0, 0, 0, 0, 0, 0, 0, 0),
(0000972, 0, 0, 0, 0, 0, 0, 0, 0),
(0000973, 0, 0, 0, 0, 0, 0, 0, 0),
(0000974, 0, 0, 0, 0, 0, 0, 0, 0),
(0000975, 0, 0, 0, 0, 0, 0, 0, 0),
(0000976, 0, 0, 0, 0, 0, 0, 0, 0),
(0000977, 0, 0, 0, 0, 0, 0, 0, 0),
(0000978, 0, 0, 0, 0, 0, 0, 0, 0),
(0000979, 0, 0, 0, 0, 0, 0, 0, 0),
(0000980, 0, 0, 0, 0, 0, 0, 0, 0),
(0000981, 0, 0, 0, 0, 0, 0, 0, 0),
(0000982, 0, 0, 0, 0, 0, 0, 0, 0),
(0000983, 0, 0, 0, 0, 0, 0, 0, 0),
(0000984, 0, 0, 0, 0, 0, 0, 0, 0),
(0000985, 0, 0, 0, 0, 0, 0, 0, 0),
(0000986, 0, 0, 0, 0, 0, 0, 0, 0),
(0000987, 0, 0, 0, 0, 0, 0, 0, 0),
(0000988, 0, 0, 0, 0, 0, 0, 0, 0),
(0000989, 0, 0, 0, 0, 0, 0, 0, 0),
(0000990, 0, 0, 0, 0, 0, 0, 0, 0),
(0000991, 0, 0, 0, 0, 0, 0, 0, 0),
(0000992, 0, 0, 0, 0, 0, 0, 0, 0),
(0000993, 0, 0, 0, 0, 0, 0, 0, 0),
(0000994, 0, 0, 0, 0, 0, 0, 0, 0),
(0000995, 0, 0, 0, 0, 0, 0, 0, 0),
(0000996, 0, 0, 0, 0, 0, 0, 0, 0),
(0000997, 0, 0, 0, 0, 0, 0, 0, 0),
(0000998, 0, 0, 0, 0, 0, 0, 0, 0),
(0000999, 0, 0, 0, 0, 0, 0, 0, 0),
(0001000, 0, 0, 0, 0, 0, 0, 0, 0);

-- --------------------------------------------------------

--
-- Table structure for table `payments`
--

CREATE TABLE IF NOT EXISTS `payments` (
  `paymentRef` int(10) unsigned NOT NULL AUTO_INCREMENT COMMENT 'This is the actual id of the transaction that happened',
  `contractNo` int(7) unsigned NOT NULL DEFAULT '0',
  `paymentDate` datetime NOT NULL DEFAULT '0000-00-00 00:00:00',
  `amount` decimal(10,2) NOT NULL DEFAULT '0.00',
  `nupayTransactionID` int(50) NOT NULL COMMENT 'NuPays transaction id on their machines',
  PRIMARY KEY (`paymentRef`)
) ENGINE=InnoDB DEFAULT CHARSET=latin1 COMMENT='This is the payment records for all customers. DR/CR' AUTO_INCREMENT=1 ;

-- --------------------------------------------------------

--
-- Table structure for table `property`
--

CREATE TABLE IF NOT EXISTS `property` (
  `propertyNo` int(10) unsigned NOT NULL AUTO_INCREMENT,
  `contractNo` int(7) unsigned zerofill NOT NULL DEFAULT '0000000',
  `addressLine1` varchar(100) NOT NULL DEFAULT '',
  `addressLine2` varchar(100) NOT NULL DEFAULT '',
  `city` varchar(50) NOT NULL DEFAULT '',
  `province` varchar(50) NOT NULL DEFAULT '',
  `postalCode` varchar(10) NOT NULL DEFAULT '',
  `claims` int(10) unsigned NOT NULL DEFAULT '0',
  PRIMARY KEY (`propertyNo`),
  KEY `contractNo` (`contractNo`)
) ENGINE=InnoDB DEFAULT CHARSET=latin1 AUTO_INCREMENT=1 ;

-- --------------------------------------------------------

--
-- Table structure for table `unpaidtransactionlog`
--

CREATE TABLE IF NOT EXISTS `unpaidtransactionlog` (
  `logID` int(10) unsigned NOT NULL AUTO_INCREMENT,
  `contractNo` int(7) unsigned zerofill NOT NULL DEFAULT '0000000',
  `nupayTransactionID` int(50) unsigned NOT NULL DEFAULT '0',
  `unpaidPolicies` int(10) unsigned NOT NULL DEFAULT '0',
  PRIMARY KEY (`logID`)
) ENGINE=InnoDB DEFAULT CHARSET=latin1 ROW_FORMAT=COMPACT COMMENT='Failed payments and non payment customers' AUTO_INCREMENT=1 ;

-- --------------------------------------------------------

--
-- Table structure for table `userhierarchy`
--

CREATE TABLE IF NOT EXISTS `userhierarchy` (
  `contractNo` int(7) unsigned zerofill NOT NULL AUTO_INCREMENT,
  `totalUsers` int(10) unsigned NOT NULL DEFAULT '0',
  `wc1` int(10) unsigned NOT NULL DEFAULT '0',
  `wc2` int(10) unsigned NOT NULL DEFAULT '0',
  `wc3` int(10) unsigned NOT NULL DEFAULT '0',
  `wc4` int(10) unsigned NOT NULL DEFAULT '0',
  `wc5` int(10) unsigned NOT NULL DEFAULT '0',
  `wc6` int(10) unsigned NOT NULL DEFAULT '0',
  `wc7` int(10) unsigned NOT NULL DEFAULT '0',
  PRIMARY KEY (`contractNo`)
) ENGINE=InnoDB  DEFAULT CHARSET=latin1 AUTO_INCREMENT=1001 ;

--
-- Dumping data for table `userhierarchy`
--

INSERT INTO `userhierarchy` (`contractNo`, `totalUsers`, `wc1`, `wc2`, `wc3`, `wc4`, `wc5`, `wc6`, `wc7`) VALUES
(0000001, 27, 6, 17, 3, 1, 0, 0, 0),
(0000002, 5, 3, 1, 1, 0, 0, 0, 0),
(0000003, 0, 0, 0, 0, 0, 0, 0, 0),
(0000004, 0, 0, 0, 0, 0, 0, 0, 0),
(0000005, 0, 0, 0, 0, 0, 0, 0, 0),
(0000006, 3, 2, 1, 0, 0, 0, 0, 0),
(0000007, 0, 0, 0, 0, 0, 0, 0, 0),
(0000008, 0, 0, 0, 0, 0, 0, 0, 0),
(0000009, 0, 0, 0, 0, 0, 0, 0, 0),
(0000010, 0, 0, 0, 0, 0, 0, 0, 0),
(0000011, 1, 1, 0, 0, 0, 0, 0, 0),
(0000012, 0, 0, 0, 0, 0, 0, 0, 0),
(0000013, 0, 0, 0, 0, 0, 0, 0, 0),
(0000014, 0, 0, 0, 0, 0, 0, 0, 0),
(0000015, 0, 0, 0, 0, 0, 0, 0, 0),
(0000016, 0, 0, 0, 0, 0, 0, 0, 0),
(0000017, 0, 0, 0, 0, 0, 0, 0, 0),
(0000018, 0, 0, 0, 0, 0, 0, 0, 0),
(0000019, 0, 0, 0, 0, 0, 0, 0, 0),
(0000020, 0, 0, 0, 0, 0, 0, 0, 0),
(0000021, 0, 0, 0, 0, 0, 0, 0, 0),
(0000022, 0, 0, 0, 0, 0, 0, 0, 0),
(0000023, 0, 0, 0, 0, 0, 0, 0, 0),
(0000024, 0, 0, 0, 0, 0, 0, 0, 0),
(0000025, 0, 0, 0, 0, 0, 0, 0, 0),
(0000026, 0, 0, 0, 0, 0, 0, 0, 0),
(0000027, 0, 0, 0, 0, 0, 0, 0, 0),
(0000028, 0, 0, 0, 0, 0, 0, 0, 0),
(0000029, 0, 0, 0, 0, 0, 0, 0, 0),
(0000030, 0, 0, 0, 0, 0, 0, 0, 0),
(0000031, 0, 0, 0, 0, 0, 0, 0, 0),
(0000032, 0, 0, 0, 0, 0, 0, 0, 0),
(0000033, 0, 0, 0, 0, 0, 0, 0, 0),
(0000034, 0, 0, 0, 0, 0, 0, 0, 0),
(0000035, 0, 0, 0, 0, 0, 0, 0, 0),
(0000036, 0, 0, 0, 0, 0, 0, 0, 0),
(0000037, 0, 0, 0, 0, 0, 0, 0, 0),
(0000038, 0, 0, 0, 0, 0, 0, 0, 0),
(0000039, 0, 0, 0, 0, 0, 0, 0, 0),
(0000040, 0, 0, 0, 0, 0, 0, 0, 0),
(0000041, 0, 0, 0, 0, 0, 0, 0, 0),
(0000042, 0, 0, 0, 0, 0, 0, 0, 0),
(0000043, 0, 0, 0, 0, 0, 0, 0, 0),
(0000044, 0, 0, 0, 0, 0, 0, 0, 0),
(0000045, 0, 0, 0, 0, 0, 0, 0, 0),
(0000046, 0, 0, 0, 0, 0, 0, 0, 0),
(0000047, 0, 0, 0, 0, 0, 0, 0, 0),
(0000048, 0, 0, 0, 0, 0, 0, 0, 0),
(0000049, 0, 0, 0, 0, 0, 0, 0, 0),
(0000050, 0, 0, 0, 0, 0, 0, 0, 0),
(0000051, 0, 0, 0, 0, 0, 0, 0, 0),
(0000052, 0, 0, 0, 0, 0, 0, 0, 0),
(0000053, 0, 0, 0, 0, 0, 0, 0, 0),
(0000054, 0, 0, 0, 0, 0, 0, 0, 0),
(0000055, 0, 0, 0, 0, 0, 0, 0, 0),
(0000056, 0, 0, 0, 0, 0, 0, 0, 0),
(0000057, 0, 0, 0, 0, 0, 0, 0, 0),
(0000058, 0, 0, 0, 0, 0, 0, 0, 0),
(0000059, 0, 0, 0, 0, 0, 0, 0, 0),
(0000060, 0, 0, 0, 0, 0, 0, 0, 0),
(0000061, 0, 0, 0, 0, 0, 0, 0, 0),
(0000062, 0, 0, 0, 0, 0, 0, 0, 0),
(0000063, 0, 0, 0, 0, 0, 0, 0, 0),
(0000064, 0, 0, 0, 0, 0, 0, 0, 0),
(0000065, 0, 0, 0, 0, 0, 0, 0, 0),
(0000066, 0, 0, 0, 0, 0, 0, 0, 0),
(0000067, 0, 0, 0, 0, 0, 0, 0, 0),
(0000068, 0, 0, 0, 0, 0, 0, 0, 0),
(0000069, 0, 0, 0, 0, 0, 0, 0, 0),
(0000070, 0, 0, 0, 0, 0, 0, 0, 0),
(0000071, 0, 0, 0, 0, 0, 0, 0, 0),
(0000072, 0, 0, 0, 0, 0, 0, 0, 0),
(0000073, 0, 0, 0, 0, 0, 0, 0, 0),
(0000074, 0, 0, 0, 0, 0, 0, 0, 0),
(0000075, 0, 0, 0, 0, 0, 0, 0, 0),
(0000076, 0, 0, 0, 0, 0, 0, 0, 0),
(0000077, 0, 0, 0, 0, 0, 0, 0, 0),
(0000078, 0, 0, 0, 0, 0, 0, 0, 0),
(0000079, 0, 0, 0, 0, 0, 0, 0, 0),
(0000080, 0, 0, 0, 0, 0, 0, 0, 0),
(0000081, 0, 0, 0, 0, 0, 0, 0, 0),
(0000082, 0, 0, 0, 0, 0, 0, 0, 0),
(0000083, 0, 0, 0, 0, 0, 0, 0, 0),
(0000084, 0, 0, 0, 0, 0, 0, 0, 0),
(0000085, 0, 0, 0, 0, 0, 0, 0, 0),
(0000086, 0, 0, 0, 0, 0, 0, 0, 0),
(0000087, 0, 0, 0, 0, 0, 0, 0, 0),
(0000088, 0, 0, 0, 0, 0, 0, 0, 0),
(0000089, 0, 0, 0, 0, 0, 0, 0, 0),
(0000090, 0, 0, 0, 0, 0, 0, 0, 0),
(0000091, 0, 0, 0, 0, 0, 0, 0, 0),
(0000092, 0, 0, 0, 0, 0, 0, 0, 0),
(0000093, 0, 0, 0, 0, 0, 0, 0, 0),
(0000094, 0, 0, 0, 0, 0, 0, 0, 0),
(0000095, 0, 0, 0, 0, 0, 0, 0, 0),
(0000096, 0, 0, 0, 0, 0, 0, 0, 0),
(0000097, 0, 0, 0, 0, 0, 0, 0, 0),
(0000098, 0, 0, 0, 0, 0, 0, 0, 0),
(0000099, 0, 0, 0, 0, 0, 0, 0, 0),
(0000100, 0, 0, 0, 0, 0, 0, 0, 0),
(0000101, 0, 0, 0, 0, 0, 0, 0, 0),
(0000102, 0, 0, 0, 0, 0, 0, 0, 0),
(0000103, 0, 0, 0, 0, 0, 0, 0, 0),
(0000104, 0, 0, 0, 0, 0, 0, 0, 0),
(0000105, 0, 0, 0, 0, 0, 0, 0, 0),
(0000106, 0, 0, 0, 0, 0, 0, 0, 0),
(0000107, 0, 0, 0, 0, 0, 0, 0, 0),
(0000108, 0, 0, 0, 0, 0, 0, 0, 0),
(0000109, 0, 0, 0, 0, 0, 0, 0, 0),
(0000110, 0, 0, 0, 0, 0, 0, 0, 0),
(0000111, 0, 0, 0, 0, 0, 0, 0, 0),
(0000112, 0, 0, 0, 0, 0, 0, 0, 0),
(0000113, 0, 0, 0, 0, 0, 0, 0, 0),
(0000114, 0, 0, 0, 0, 0, 0, 0, 0),
(0000115, 0, 0, 0, 0, 0, 0, 0, 0),
(0000116, 0, 0, 0, 0, 0, 0, 0, 0),
(0000117, 0, 0, 0, 0, 0, 0, 0, 0),
(0000118, 0, 0, 0, 0, 0, 0, 0, 0),
(0000119, 0, 0, 0, 0, 0, 0, 0, 0),
(0000120, 0, 0, 0, 0, 0, 0, 0, 0),
(0000121, 0, 0, 0, 0, 0, 0, 0, 0),
(0000122, 0, 0, 0, 0, 0, 0, 0, 0),
(0000123, 0, 0, 0, 0, 0, 0, 0, 0),
(0000124, 0, 0, 0, 0, 0, 0, 0, 0),
(0000125, 0, 0, 0, 0, 0, 0, 0, 0),
(0000126, 0, 0, 0, 0, 0, 0, 0, 0),
(0000127, 0, 0, 0, 0, 0, 0, 0, 0),
(0000128, 0, 0, 0, 0, 0, 0, 0, 0),
(0000129, 0, 0, 0, 0, 0, 0, 0, 0),
(0000130, 0, 0, 0, 0, 0, 0, 0, 0),
(0000131, 0, 0, 0, 0, 0, 0, 0, 0),
(0000132, 0, 0, 0, 0, 0, 0, 0, 0),
(0000133, 0, 0, 0, 0, 0, 0, 0, 0),
(0000134, 0, 0, 0, 0, 0, 0, 0, 0),
(0000135, 0, 0, 0, 0, 0, 0, 0, 0),
(0000136, 0, 0, 0, 0, 0, 0, 0, 0),
(0000137, 0, 0, 0, 0, 0, 0, 0, 0),
(0000138, 0, 0, 0, 0, 0, 0, 0, 0),
(0000139, 0, 0, 0, 0, 0, 0, 0, 0),
(0000140, 0, 0, 0, 0, 0, 0, 0, 0),
(0000141, 0, 0, 0, 0, 0, 0, 0, 0),
(0000142, 0, 0, 0, 0, 0, 0, 0, 0),
(0000143, 0, 0, 0, 0, 0, 0, 0, 0),
(0000144, 0, 0, 0, 0, 0, 0, 0, 0),
(0000145, 0, 0, 0, 0, 0, 0, 0, 0),
(0000146, 0, 0, 0, 0, 0, 0, 0, 0),
(0000147, 0, 0, 0, 0, 0, 0, 0, 0),
(0000148, 0, 0, 0, 0, 0, 0, 0, 0),
(0000149, 0, 0, 0, 0, 0, 0, 0, 0),
(0000150, 0, 0, 0, 0, 0, 0, 0, 0),
(0000151, 0, 0, 0, 0, 0, 0, 0, 0),
(0000152, 0, 0, 0, 0, 0, 0, 0, 0),
(0000153, 0, 0, 0, 0, 0, 0, 0, 0),
(0000154, 0, 0, 0, 0, 0, 0, 0, 0),
(0000155, 0, 0, 0, 0, 0, 0, 0, 0),
(0000156, 0, 0, 0, 0, 0, 0, 0, 0),
(0000157, 0, 0, 0, 0, 0, 0, 0, 0),
(0000158, 0, 0, 0, 0, 0, 0, 0, 0),
(0000159, 0, 0, 0, 0, 0, 0, 0, 0),
(0000160, 0, 0, 0, 0, 0, 0, 0, 0),
(0000161, 0, 0, 0, 0, 0, 0, 0, 0),
(0000162, 0, 0, 0, 0, 0, 0, 0, 0),
(0000163, 0, 0, 0, 0, 0, 0, 0, 0),
(0000164, 0, 0, 0, 0, 0, 0, 0, 0),
(0000165, 0, 0, 0, 0, 0, 0, 0, 0),
(0000166, 0, 0, 0, 0, 0, 0, 0, 0),
(0000167, 0, 0, 0, 0, 0, 0, 0, 0),
(0000168, 0, 0, 0, 0, 0, 0, 0, 0),
(0000169, 0, 0, 0, 0, 0, 0, 0, 0),
(0000170, 0, 0, 0, 0, 0, 0, 0, 0),
(0000171, 0, 0, 0, 0, 0, 0, 0, 0),
(0000172, 0, 0, 0, 0, 0, 0, 0, 0),
(0000173, 0, 0, 0, 0, 0, 0, 0, 0),
(0000174, 0, 0, 0, 0, 0, 0, 0, 0),
(0000175, 0, 0, 0, 0, 0, 0, 0, 0),
(0000176, 0, 0, 0, 0, 0, 0, 0, 0),
(0000177, 0, 0, 0, 0, 0, 0, 0, 0),
(0000178, 0, 0, 0, 0, 0, 0, 0, 0),
(0000179, 0, 0, 0, 0, 0, 0, 0, 0),
(0000180, 0, 0, 0, 0, 0, 0, 0, 0),
(0000181, 0, 0, 0, 0, 0, 0, 0, 0),
(0000182, 0, 0, 0, 0, 0, 0, 0, 0),
(0000183, 0, 0, 0, 0, 0, 0, 0, 0),
(0000184, 0, 0, 0, 0, 0, 0, 0, 0),
(0000185, 0, 0, 0, 0, 0, 0, 0, 0),
(0000186, 0, 0, 0, 0, 0, 0, 0, 0),
(0000187, 0, 0, 0, 0, 0, 0, 0, 0),
(0000188, 0, 0, 0, 0, 0, 0, 0, 0),
(0000189, 0, 0, 0, 0, 0, 0, 0, 0),
(0000190, 0, 0, 0, 0, 0, 0, 0, 0),
(0000191, 0, 0, 0, 0, 0, 0, 0, 0),
(0000192, 0, 0, 0, 0, 0, 0, 0, 0),
(0000193, 0, 0, 0, 0, 0, 0, 0, 0),
(0000194, 0, 0, 0, 0, 0, 0, 0, 0),
(0000195, 0, 0, 0, 0, 0, 0, 0, 0),
(0000196, 0, 0, 0, 0, 0, 0, 0, 0),
(0000197, 0, 0, 0, 0, 0, 0, 0, 0),
(0000198, 0, 0, 0, 0, 0, 0, 0, 0),
(0000199, 0, 0, 0, 0, 0, 0, 0, 0),
(0000200, 0, 0, 0, 0, 0, 0, 0, 0),
(0000201, 0, 0, 0, 0, 0, 0, 0, 0),
(0000202, 0, 0, 0, 0, 0, 0, 0, 0),
(0000203, 0, 0, 0, 0, 0, 0, 0, 0),
(0000204, 0, 0, 0, 0, 0, 0, 0, 0),
(0000205, 0, 0, 0, 0, 0, 0, 0, 0),
(0000206, 0, 0, 0, 0, 0, 0, 0, 0),
(0000207, 0, 0, 0, 0, 0, 0, 0, 0),
(0000208, 0, 0, 0, 0, 0, 0, 0, 0),
(0000209, 0, 0, 0, 0, 0, 0, 0, 0),
(0000210, 0, 0, 0, 0, 0, 0, 0, 0),
(0000211, 0, 0, 0, 0, 0, 0, 0, 0),
(0000212, 0, 0, 0, 0, 0, 0, 0, 0),
(0000213, 0, 0, 0, 0, 0, 0, 0, 0),
(0000214, 0, 0, 0, 0, 0, 0, 0, 0),
(0000215, 0, 0, 0, 0, 0, 0, 0, 0),
(0000216, 0, 0, 0, 0, 0, 0, 0, 0),
(0000217, 0, 0, 0, 0, 0, 0, 0, 0),
(0000218, 0, 0, 0, 0, 0, 0, 0, 0),
(0000219, 0, 0, 0, 0, 0, 0, 0, 0),
(0000220, 0, 0, 0, 0, 0, 0, 0, 0),
(0000221, 0, 0, 0, 0, 0, 0, 0, 0),
(0000222, 0, 0, 0, 0, 0, 0, 0, 0),
(0000223, 0, 0, 0, 0, 0, 0, 0, 0),
(0000224, 0, 0, 0, 0, 0, 0, 0, 0),
(0000225, 0, 0, 0, 0, 0, 0, 0, 0),
(0000226, 0, 0, 0, 0, 0, 0, 0, 0),
(0000227, 0, 0, 0, 0, 0, 0, 0, 0),
(0000228, 0, 0, 0, 0, 0, 0, 0, 0),
(0000229, 0, 0, 0, 0, 0, 0, 0, 0),
(0000230, 0, 0, 0, 0, 0, 0, 0, 0),
(0000231, 1, 1, 0, 0, 0, 0, 0, 0),
(0000232, 0, 0, 0, 0, 0, 0, 0, 0),
(0000233, 0, 0, 0, 0, 0, 0, 0, 0),
(0000234, 0, 0, 0, 0, 0, 0, 0, 0),
(0000235, 0, 0, 0, 0, 0, 0, 0, 0),
(0000236, 0, 0, 0, 0, 0, 0, 0, 0),
(0000237, 0, 0, 0, 0, 0, 0, 0, 0),
(0000238, 0, 0, 0, 0, 0, 0, 0, 0),
(0000239, 0, 0, 0, 0, 0, 0, 0, 0),
(0000240, 0, 0, 0, 0, 0, 0, 0, 0),
(0000241, 0, 0, 0, 0, 0, 0, 0, 0),
(0000242, 0, 0, 0, 0, 0, 0, 0, 0),
(0000243, 0, 0, 0, 0, 0, 0, 0, 0),
(0000244, 0, 0, 0, 0, 0, 0, 0, 0),
(0000245, 0, 0, 0, 0, 0, 0, 0, 0),
(0000246, 0, 0, 0, 0, 0, 0, 0, 0),
(0000247, 0, 0, 0, 0, 0, 0, 0, 0),
(0000248, 0, 0, 0, 0, 0, 0, 0, 0),
(0000249, 0, 0, 0, 0, 0, 0, 0, 0),
(0000250, 0, 0, 0, 0, 0, 0, 0, 0),
(0000251, 0, 0, 0, 0, 0, 0, 0, 0),
(0000252, 0, 0, 0, 0, 0, 0, 0, 0),
(0000253, 0, 0, 0, 0, 0, 0, 0, 0),
(0000254, 0, 0, 0, 0, 0, 0, 0, 0),
(0000255, 0, 0, 0, 0, 0, 0, 0, 0),
(0000256, 0, 0, 0, 0, 0, 0, 0, 0),
(0000257, 0, 0, 0, 0, 0, 0, 0, 0),
(0000258, 0, 0, 0, 0, 0, 0, 0, 0),
(0000259, 0, 0, 0, 0, 0, 0, 0, 0),
(0000260, 0, 0, 0, 0, 0, 0, 0, 0),
(0000261, 0, 0, 0, 0, 0, 0, 0, 0),
(0000262, 0, 0, 0, 0, 0, 0, 0, 0),
(0000263, 0, 0, 0, 0, 0, 0, 0, 0),
(0000264, 0, 0, 0, 0, 0, 0, 0, 0),
(0000265, 0, 0, 0, 0, 0, 0, 0, 0),
(0000266, 0, 0, 0, 0, 0, 0, 0, 0),
(0000267, 0, 0, 0, 0, 0, 0, 0, 0),
(0000268, 0, 0, 0, 0, 0, 0, 0, 0),
(0000269, 0, 0, 0, 0, 0, 0, 0, 0),
(0000270, 0, 0, 0, 0, 0, 0, 0, 0),
(0000271, 0, 0, 0, 0, 0, 0, 0, 0),
(0000272, 0, 0, 0, 0, 0, 0, 0, 0),
(0000273, 0, 0, 0, 0, 0, 0, 0, 0),
(0000274, 0, 0, 0, 0, 0, 0, 0, 0),
(0000275, 0, 0, 0, 0, 0, 0, 0, 0),
(0000276, 0, 0, 0, 0, 0, 0, 0, 0),
(0000277, 0, 0, 0, 0, 0, 0, 0, 0),
(0000278, 0, 0, 0, 0, 0, 0, 0, 0),
(0000279, 0, 0, 0, 0, 0, 0, 0, 0),
(0000280, 0, 0, 0, 0, 0, 0, 0, 0),
(0000281, 0, 0, 0, 0, 0, 0, 0, 0),
(0000282, 0, 0, 0, 0, 0, 0, 0, 0),
(0000283, 0, 0, 0, 0, 0, 0, 0, 0),
(0000284, 0, 0, 0, 0, 0, 0, 0, 0),
(0000285, 0, 0, 0, 0, 0, 0, 0, 0),
(0000286, 0, 0, 0, 0, 0, 0, 0, 0),
(0000287, 0, 0, 0, 0, 0, 0, 0, 0),
(0000288, 0, 0, 0, 0, 0, 0, 0, 0),
(0000289, 0, 0, 0, 0, 0, 0, 0, 0),
(0000290, 0, 0, 0, 0, 0, 0, 0, 0),
(0000291, 0, 0, 0, 0, 0, 0, 0, 0),
(0000292, 0, 0, 0, 0, 0, 0, 0, 0),
(0000293, 0, 0, 0, 0, 0, 0, 0, 0),
(0000294, 0, 0, 0, 0, 0, 0, 0, 0),
(0000295, 0, 0, 0, 0, 0, 0, 0, 0),
(0000296, 0, 0, 0, 0, 0, 0, 0, 0),
(0000297, 0, 0, 0, 0, 0, 0, 0, 0),
(0000298, 0, 0, 0, 0, 0, 0, 0, 0),
(0000299, 0, 0, 0, 0, 0, 0, 0, 0),
(0000300, 0, 0, 0, 0, 0, 0, 0, 0),
(0000301, 0, 0, 0, 0, 0, 0, 0, 0),
(0000302, 0, 0, 0, 0, 0, 0, 0, 0),
(0000303, 0, 0, 0, 0, 0, 0, 0, 0),
(0000304, 0, 0, 0, 0, 0, 0, 0, 0),
(0000305, 0, 0, 0, 0, 0, 0, 0, 0),
(0000306, 0, 0, 0, 0, 0, 0, 0, 0),
(0000307, 0, 0, 0, 0, 0, 0, 0, 0),
(0000308, 0, 0, 0, 0, 0, 0, 0, 0),
(0000309, 0, 0, 0, 0, 0, 0, 0, 0),
(0000310, 0, 0, 0, 0, 0, 0, 0, 0),
(0000311, 0, 0, 0, 0, 0, 0, 0, 0),
(0000312, 0, 0, 0, 0, 0, 0, 0, 0),
(0000313, 0, 0, 0, 0, 0, 0, 0, 0),
(0000314, 0, 0, 0, 0, 0, 0, 0, 0),
(0000315, 0, 0, 0, 0, 0, 0, 0, 0),
(0000316, 0, 0, 0, 0, 0, 0, 0, 0),
(0000317, 0, 0, 0, 0, 0, 0, 0, 0),
(0000318, 0, 0, 0, 0, 0, 0, 0, 0),
(0000319, 0, 0, 0, 0, 0, 0, 0, 0),
(0000320, 0, 0, 0, 0, 0, 0, 0, 0),
(0000321, 0, 0, 0, 0, 0, 0, 0, 0),
(0000322, 0, 0, 0, 0, 0, 0, 0, 0),
(0000323, 0, 0, 0, 0, 0, 0, 0, 0),
(0000324, 0, 0, 0, 0, 0, 0, 0, 0),
(0000325, 0, 0, 0, 0, 0, 0, 0, 0),
(0000326, 0, 0, 0, 0, 0, 0, 0, 0),
(0000327, 0, 0, 0, 0, 0, 0, 0, 0),
(0000328, 0, 0, 0, 0, 0, 0, 0, 0),
(0000329, 0, 0, 0, 0, 0, 0, 0, 0),
(0000330, 0, 0, 0, 0, 0, 0, 0, 0),
(0000331, 0, 0, 0, 0, 0, 0, 0, 0),
(0000332, 0, 0, 0, 0, 0, 0, 0, 0),
(0000333, 0, 0, 0, 0, 0, 0, 0, 0),
(0000334, 0, 0, 0, 0, 0, 0, 0, 0),
(0000335, 0, 0, 0, 0, 0, 0, 0, 0),
(0000336, 0, 0, 0, 0, 0, 0, 0, 0),
(0000337, 0, 0, 0, 0, 0, 0, 0, 0),
(0000338, 0, 0, 0, 0, 0, 0, 0, 0),
(0000339, 0, 0, 0, 0, 0, 0, 0, 0),
(0000340, 0, 0, 0, 0, 0, 0, 0, 0),
(0000341, 0, 0, 0, 0, 0, 0, 0, 0),
(0000342, 0, 0, 0, 0, 0, 0, 0, 0),
(0000343, 0, 0, 0, 0, 0, 0, 0, 0),
(0000344, 0, 0, 0, 0, 0, 0, 0, 0),
(0000345, 0, 0, 0, 0, 0, 0, 0, 0),
(0000346, 0, 0, 0, 0, 0, 0, 0, 0),
(0000347, 0, 0, 0, 0, 0, 0, 0, 0),
(0000348, 0, 0, 0, 0, 0, 0, 0, 0),
(0000349, 0, 0, 0, 0, 0, 0, 0, 0),
(0000350, 0, 0, 0, 0, 0, 0, 0, 0),
(0000351, 0, 0, 0, 0, 0, 0, 0, 0),
(0000352, 0, 0, 0, 0, 0, 0, 0, 0),
(0000353, 0, 0, 0, 0, 0, 0, 0, 0),
(0000354, 0, 0, 0, 0, 0, 0, 0, 0),
(0000355, 0, 0, 0, 0, 0, 0, 0, 0),
(0000356, 0, 0, 0, 0, 0, 0, 0, 0),
(0000357, 0, 0, 0, 0, 0, 0, 0, 0),
(0000358, 0, 0, 0, 0, 0, 0, 0, 0),
(0000359, 0, 0, 0, 0, 0, 0, 0, 0),
(0000360, 0, 0, 0, 0, 0, 0, 0, 0),
(0000361, 0, 0, 0, 0, 0, 0, 0, 0),
(0000362, 0, 0, 0, 0, 0, 0, 0, 0),
(0000363, 0, 0, 0, 0, 0, 0, 0, 0),
(0000364, 0, 0, 0, 0, 0, 0, 0, 0),
(0000365, 0, 0, 0, 0, 0, 0, 0, 0),
(0000366, 0, 0, 0, 0, 0, 0, 0, 0),
(0000367, 0, 0, 0, 0, 0, 0, 0, 0),
(0000368, 0, 0, 0, 0, 0, 0, 0, 0),
(0000369, 0, 0, 0, 0, 0, 0, 0, 0),
(0000370, 0, 0, 0, 0, 0, 0, 0, 0),
(0000371, 0, 0, 0, 0, 0, 0, 0, 0),
(0000372, 0, 0, 0, 0, 0, 0, 0, 0),
(0000373, 0, 0, 0, 0, 0, 0, 0, 0),
(0000374, 0, 0, 0, 0, 0, 0, 0, 0),
(0000375, 0, 0, 0, 0, 0, 0, 0, 0),
(0000376, 0, 0, 0, 0, 0, 0, 0, 0),
(0000377, 0, 0, 0, 0, 0, 0, 0, 0),
(0000378, 0, 0, 0, 0, 0, 0, 0, 0),
(0000379, 0, 0, 0, 0, 0, 0, 0, 0),
(0000380, 0, 0, 0, 0, 0, 0, 0, 0),
(0000381, 0, 0, 0, 0, 0, 0, 0, 0),
(0000382, 0, 0, 0, 0, 0, 0, 0, 0),
(0000383, 0, 0, 0, 0, 0, 0, 0, 0),
(0000384, 0, 0, 0, 0, 0, 0, 0, 0),
(0000385, 0, 0, 0, 0, 0, 0, 0, 0),
(0000386, 0, 0, 0, 0, 0, 0, 0, 0),
(0000387, 0, 0, 0, 0, 0, 0, 0, 0),
(0000388, 0, 0, 0, 0, 0, 0, 0, 0),
(0000389, 0, 0, 0, 0, 0, 0, 0, 0),
(0000390, 0, 0, 0, 0, 0, 0, 0, 0),
(0000391, 0, 0, 0, 0, 0, 0, 0, 0),
(0000392, 0, 0, 0, 0, 0, 0, 0, 0),
(0000393, 0, 0, 0, 0, 0, 0, 0, 0),
(0000394, 0, 0, 0, 0, 0, 0, 0, 0),
(0000395, 0, 0, 0, 0, 0, 0, 0, 0),
(0000396, 0, 0, 0, 0, 0, 0, 0, 0),
(0000397, 0, 0, 0, 0, 0, 0, 0, 0),
(0000398, 0, 0, 0, 0, 0, 0, 0, 0),
(0000399, 0, 0, 0, 0, 0, 0, 0, 0),
(0000400, 0, 0, 0, 0, 0, 0, 0, 0),
(0000401, 0, 0, 0, 0, 0, 0, 0, 0),
(0000402, 0, 0, 0, 0, 0, 0, 0, 0),
(0000403, 0, 0, 0, 0, 0, 0, 0, 0),
(0000404, 0, 0, 0, 0, 0, 0, 0, 0),
(0000405, 0, 0, 0, 0, 0, 0, 0, 0),
(0000406, 0, 0, 0, 0, 0, 0, 0, 0),
(0000407, 0, 0, 0, 0, 0, 0, 0, 0),
(0000408, 0, 0, 0, 0, 0, 0, 0, 0),
(0000409, 0, 0, 0, 0, 0, 0, 0, 0),
(0000410, 0, 0, 0, 0, 0, 0, 0, 0),
(0000411, 0, 0, 0, 0, 0, 0, 0, 0),
(0000412, 0, 0, 0, 0, 0, 0, 0, 0),
(0000413, 0, 0, 0, 0, 0, 0, 0, 0),
(0000414, 0, 0, 0, 0, 0, 0, 0, 0),
(0000415, 0, 0, 0, 0, 0, 0, 0, 0),
(0000416, 0, 0, 0, 0, 0, 0, 0, 0),
(0000417, 0, 0, 0, 0, 0, 0, 0, 0),
(0000418, 0, 0, 0, 0, 0, 0, 0, 0),
(0000419, 0, 0, 0, 0, 0, 0, 0, 0),
(0000420, 0, 0, 0, 0, 0, 0, 0, 0),
(0000421, 0, 0, 0, 0, 0, 0, 0, 0),
(0000422, 0, 0, 0, 0, 0, 0, 0, 0),
(0000423, 0, 0, 0, 0, 0, 0, 0, 0),
(0000424, 0, 0, 0, 0, 0, 0, 0, 0),
(0000425, 0, 0, 0, 0, 0, 0, 0, 0),
(0000426, 0, 0, 0, 0, 0, 0, 0, 0),
(0000427, 0, 0, 0, 0, 0, 0, 0, 0),
(0000428, 0, 0, 0, 0, 0, 0, 0, 0),
(0000429, 0, 0, 0, 0, 0, 0, 0, 0),
(0000430, 0, 0, 0, 0, 0, 0, 0, 0),
(0000431, 0, 0, 0, 0, 0, 0, 0, 0),
(0000432, 0, 0, 0, 0, 0, 0, 0, 0),
(0000433, 0, 0, 0, 0, 0, 0, 0, 0),
(0000434, 0, 0, 0, 0, 0, 0, 0, 0),
(0000435, 0, 0, 0, 0, 0, 0, 0, 0),
(0000436, 0, 0, 0, 0, 0, 0, 0, 0),
(0000437, 0, 0, 0, 0, 0, 0, 0, 0),
(0000438, 0, 0, 0, 0, 0, 0, 0, 0),
(0000439, 0, 0, 0, 0, 0, 0, 0, 0),
(0000440, 0, 0, 0, 0, 0, 0, 0, 0),
(0000441, 0, 0, 0, 0, 0, 0, 0, 0),
(0000442, 0, 0, 0, 0, 0, 0, 0, 0),
(0000443, 0, 0, 0, 0, 0, 0, 0, 0),
(0000444, 0, 0, 0, 0, 0, 0, 0, 0),
(0000445, 0, 0, 0, 0, 0, 0, 0, 0),
(0000446, 0, 0, 0, 0, 0, 0, 0, 0),
(0000447, 0, 0, 0, 0, 0, 0, 0, 0),
(0000448, 0, 0, 0, 0, 0, 0, 0, 0),
(0000449, 0, 0, 0, 0, 0, 0, 0, 0),
(0000450, 0, 0, 0, 0, 0, 0, 0, 0),
(0000451, 0, 0, 0, 0, 0, 0, 0, 0),
(0000452, 0, 0, 0, 0, 0, 0, 0, 0),
(0000453, 0, 0, 0, 0, 0, 0, 0, 0),
(0000454, 0, 0, 0, 0, 0, 0, 0, 0),
(0000455, 0, 0, 0, 0, 0, 0, 0, 0),
(0000456, 0, 0, 0, 0, 0, 0, 0, 0),
(0000457, 0, 0, 0, 0, 0, 0, 0, 0),
(0000458, 0, 0, 0, 0, 0, 0, 0, 0),
(0000459, 0, 0, 0, 0, 0, 0, 0, 0),
(0000460, 0, 0, 0, 0, 0, 0, 0, 0),
(0000461, 0, 0, 0, 0, 0, 0, 0, 0),
(0000462, 0, 0, 0, 0, 0, 0, 0, 0),
(0000463, 0, 0, 0, 0, 0, 0, 0, 0),
(0000464, 0, 0, 0, 0, 0, 0, 0, 0),
(0000465, 0, 0, 0, 0, 0, 0, 0, 0),
(0000466, 0, 0, 0, 0, 0, 0, 0, 0),
(0000467, 0, 0, 0, 0, 0, 0, 0, 0),
(0000468, 0, 0, 0, 0, 0, 0, 0, 0),
(0000469, 0, 0, 0, 0, 0, 0, 0, 0),
(0000470, 0, 0, 0, 0, 0, 0, 0, 0),
(0000471, 0, 0, 0, 0, 0, 0, 0, 0),
(0000472, 0, 0, 0, 0, 0, 0, 0, 0),
(0000473, 0, 0, 0, 0, 0, 0, 0, 0),
(0000474, 0, 0, 0, 0, 0, 0, 0, 0),
(0000475, 0, 0, 0, 0, 0, 0, 0, 0),
(0000476, 0, 0, 0, 0, 0, 0, 0, 0),
(0000477, 0, 0, 0, 0, 0, 0, 0, 0),
(0000478, 0, 0, 0, 0, 0, 0, 0, 0),
(0000479, 0, 0, 0, 0, 0, 0, 0, 0),
(0000480, 0, 0, 0, 0, 0, 0, 0, 0),
(0000481, 0, 0, 0, 0, 0, 0, 0, 0),
(0000482, 0, 0, 0, 0, 0, 0, 0, 0),
(0000483, 0, 0, 0, 0, 0, 0, 0, 0),
(0000484, 0, 0, 0, 0, 0, 0, 0, 0),
(0000485, 0, 0, 0, 0, 0, 0, 0, 0),
(0000486, 0, 0, 0, 0, 0, 0, 0, 0),
(0000487, 0, 0, 0, 0, 0, 0, 0, 0),
(0000488, 0, 0, 0, 0, 0, 0, 0, 0),
(0000489, 0, 0, 0, 0, 0, 0, 0, 0),
(0000490, 0, 0, 0, 0, 0, 0, 0, 0),
(0000491, 0, 0, 0, 0, 0, 0, 0, 0),
(0000492, 0, 0, 0, 0, 0, 0, 0, 0),
(0000493, 0, 0, 0, 0, 0, 0, 0, 0),
(0000494, 0, 0, 0, 0, 0, 0, 0, 0),
(0000495, 0, 0, 0, 0, 0, 0, 0, 0),
(0000496, 0, 0, 0, 0, 0, 0, 0, 0),
(0000497, 0, 0, 0, 0, 0, 0, 0, 0),
(0000498, 0, 0, 0, 0, 0, 0, 0, 0),
(0000499, 0, 0, 0, 0, 0, 0, 0, 0),
(0000500, 0, 0, 0, 0, 0, 0, 0, 0),
(0000501, 0, 0, 0, 0, 0, 0, 0, 0),
(0000502, 0, 0, 0, 0, 0, 0, 0, 0),
(0000503, 0, 0, 0, 0, 0, 0, 0, 0),
(0000504, 0, 0, 0, 0, 0, 0, 0, 0),
(0000505, 0, 0, 0, 0, 0, 0, 0, 0),
(0000506, 0, 0, 0, 0, 0, 0, 0, 0),
(0000507, 0, 0, 0, 0, 0, 0, 0, 0),
(0000508, 0, 0, 0, 0, 0, 0, 0, 0),
(0000509, 0, 0, 0, 0, 0, 0, 0, 0),
(0000510, 0, 0, 0, 0, 0, 0, 0, 0),
(0000511, 0, 0, 0, 0, 0, 0, 0, 0),
(0000512, 0, 0, 0, 0, 0, 0, 0, 0),
(0000513, 0, 0, 0, 0, 0, 0, 0, 0),
(0000514, 0, 0, 0, 0, 0, 0, 0, 0),
(0000515, 0, 0, 0, 0, 0, 0, 0, 0),
(0000516, 0, 0, 0, 0, 0, 0, 0, 0),
(0000517, 0, 0, 0, 0, 0, 0, 0, 0),
(0000518, 0, 0, 0, 0, 0, 0, 0, 0),
(0000519, 0, 0, 0, 0, 0, 0, 0, 0),
(0000520, 0, 0, 0, 0, 0, 0, 0, 0),
(0000521, 0, 0, 0, 0, 0, 0, 0, 0),
(0000522, 0, 0, 0, 0, 0, 0, 0, 0),
(0000523, 0, 0, 0, 0, 0, 0, 0, 0),
(0000524, 0, 0, 0, 0, 0, 0, 0, 0),
(0000525, 0, 0, 0, 0, 0, 0, 0, 0),
(0000526, 0, 0, 0, 0, 0, 0, 0, 0),
(0000527, 0, 0, 0, 0, 0, 0, 0, 0),
(0000528, 0, 0, 0, 0, 0, 0, 0, 0),
(0000529, 0, 0, 0, 0, 0, 0, 0, 0),
(0000530, 0, 0, 0, 0, 0, 0, 0, 0),
(0000531, 0, 0, 0, 0, 0, 0, 0, 0),
(0000532, 0, 0, 0, 0, 0, 0, 0, 0),
(0000533, 0, 0, 0, 0, 0, 0, 0, 0),
(0000534, 0, 0, 0, 0, 0, 0, 0, 0),
(0000535, 0, 0, 0, 0, 0, 0, 0, 0),
(0000536, 0, 0, 0, 0, 0, 0, 0, 0),
(0000537, 0, 0, 0, 0, 0, 0, 0, 0),
(0000538, 0, 0, 0, 0, 0, 0, 0, 0),
(0000539, 12, 11, 1, 0, 0, 0, 0, 0),
(0000540, 0, 0, 0, 0, 0, 0, 0, 0),
(0000541, 0, 0, 0, 0, 0, 0, 0, 0),
(0000542, 0, 0, 0, 0, 0, 0, 0, 0),
(0000543, 0, 0, 0, 0, 0, 0, 0, 0),
(0000544, 0, 0, 0, 0, 0, 0, 0, 0),
(0000545, 0, 0, 0, 0, 0, 0, 0, 0),
(0000546, 0, 0, 0, 0, 0, 0, 0, 0),
(0000547, 0, 0, 0, 0, 0, 0, 0, 0),
(0000548, 0, 0, 0, 0, 0, 0, 0, 0),
(0000549, 0, 0, 0, 0, 0, 0, 0, 0),
(0000550, 0, 0, 0, 0, 0, 0, 0, 0),
(0000551, 0, 0, 0, 0, 0, 0, 0, 0),
(0000552, 0, 0, 0, 0, 0, 0, 0, 0),
(0000553, 0, 0, 0, 0, 0, 0, 0, 0),
(0000554, 0, 0, 0, 0, 0, 0, 0, 0),
(0000555, 0, 0, 0, 0, 0, 0, 0, 0),
(0000556, 0, 0, 0, 0, 0, 0, 0, 0),
(0000557, 0, 0, 0, 0, 0, 0, 0, 0),
(0000558, 0, 0, 0, 0, 0, 0, 0, 0),
(0000559, 0, 0, 0, 0, 0, 0, 0, 0),
(0000560, 0, 0, 0, 0, 0, 0, 0, 0),
(0000561, 0, 0, 0, 0, 0, 0, 0, 0),
(0000562, 0, 0, 0, 0, 0, 0, 0, 0),
(0000563, 0, 0, 0, 0, 0, 0, 0, 0),
(0000564, 0, 0, 0, 0, 0, 0, 0, 0),
(0000565, 0, 0, 0, 0, 0, 0, 0, 0),
(0000566, 0, 0, 0, 0, 0, 0, 0, 0),
(0000567, 0, 0, 0, 0, 0, 0, 0, 0),
(0000568, 0, 0, 0, 0, 0, 0, 0, 0),
(0000569, 0, 0, 0, 0, 0, 0, 0, 0),
(0000570, 0, 0, 0, 0, 0, 0, 0, 0),
(0000571, 0, 0, 0, 0, 0, 0, 0, 0),
(0000572, 0, 0, 0, 0, 0, 0, 0, 0),
(0000573, 0, 0, 0, 0, 0, 0, 0, 0),
(0000574, 0, 0, 0, 0, 0, 0, 0, 0),
(0000575, 0, 0, 0, 0, 0, 0, 0, 0),
(0000576, 0, 0, 0, 0, 0, 0, 0, 0),
(0000577, 0, 0, 0, 0, 0, 0, 0, 0),
(0000578, 0, 0, 0, 0, 0, 0, 0, 0),
(0000579, 0, 0, 0, 0, 0, 0, 0, 0),
(0000580, 0, 0, 0, 0, 0, 0, 0, 0),
(0000581, 0, 0, 0, 0, 0, 0, 0, 0),
(0000582, 0, 0, 0, 0, 0, 0, 0, 0),
(0000583, 0, 0, 0, 0, 0, 0, 0, 0),
(0000584, 0, 0, 0, 0, 0, 0, 0, 0),
(0000585, 0, 0, 0, 0, 0, 0, 0, 0),
(0000586, 0, 0, 0, 0, 0, 0, 0, 0),
(0000587, 0, 0, 0, 0, 0, 0, 0, 0),
(0000588, 0, 0, 0, 0, 0, 0, 0, 0),
(0000589, 0, 0, 0, 0, 0, 0, 0, 0),
(0000590, 0, 0, 0, 0, 0, 0, 0, 0),
(0000591, 0, 0, 0, 0, 0, 0, 0, 0),
(0000592, 0, 0, 0, 0, 0, 0, 0, 0),
(0000593, 0, 0, 0, 0, 0, 0, 0, 0),
(0000594, 0, 0, 0, 0, 0, 0, 0, 0),
(0000595, 0, 0, 0, 0, 0, 0, 0, 0),
(0000596, 0, 0, 0, 0, 0, 0, 0, 0),
(0000597, 0, 0, 0, 0, 0, 0, 0, 0),
(0000598, 0, 0, 0, 0, 0, 0, 0, 0),
(0000599, 0, 0, 0, 0, 0, 0, 0, 0),
(0000600, 0, 0, 0, 0, 0, 0, 0, 0),
(0000601, 0, 0, 0, 0, 0, 0, 0, 0),
(0000602, 0, 0, 0, 0, 0, 0, 0, 0),
(0000603, 0, 0, 0, 0, 0, 0, 0, 0),
(0000604, 0, 0, 0, 0, 0, 0, 0, 0),
(0000605, 0, 0, 0, 0, 0, 0, 0, 0),
(0000606, 0, 0, 0, 0, 0, 0, 0, 0),
(0000607, 0, 0, 0, 0, 0, 0, 0, 0),
(0000608, 0, 0, 0, 0, 0, 0, 0, 0),
(0000609, 0, 0, 0, 0, 0, 0, 0, 0),
(0000610, 0, 0, 0, 0, 0, 0, 0, 0),
(0000611, 0, 0, 0, 0, 0, 0, 0, 0),
(0000612, 0, 0, 0, 0, 0, 0, 0, 0),
(0000613, 0, 0, 0, 0, 0, 0, 0, 0),
(0000614, 0, 0, 0, 0, 0, 0, 0, 0),
(0000615, 0, 0, 0, 0, 0, 0, 0, 0),
(0000616, 0, 0, 0, 0, 0, 0, 0, 0),
(0000617, 0, 0, 0, 0, 0, 0, 0, 0),
(0000618, 0, 0, 0, 0, 0, 0, 0, 0),
(0000619, 0, 0, 0, 0, 0, 0, 0, 0),
(0000620, 0, 0, 0, 0, 0, 0, 0, 0),
(0000621, 0, 0, 0, 0, 0, 0, 0, 0),
(0000622, 0, 0, 0, 0, 0, 0, 0, 0),
(0000623, 0, 0, 0, 0, 0, 0, 0, 0),
(0000624, 0, 0, 0, 0, 0, 0, 0, 0),
(0000625, 0, 0, 0, 0, 0, 0, 0, 0),
(0000626, 0, 0, 0, 0, 0, 0, 0, 0),
(0000627, 0, 0, 0, 0, 0, 0, 0, 0),
(0000628, 0, 0, 0, 0, 0, 0, 0, 0),
(0000629, 0, 0, 0, 0, 0, 0, 0, 0),
(0000630, 0, 0, 0, 0, 0, 0, 0, 0),
(0000631, 0, 0, 0, 0, 0, 0, 0, 0),
(0000632, 0, 0, 0, 0, 0, 0, 0, 0),
(0000633, 0, 0, 0, 0, 0, 0, 0, 0),
(0000634, 0, 0, 0, 0, 0, 0, 0, 0),
(0000635, 0, 0, 0, 0, 0, 0, 0, 0),
(0000636, 0, 0, 0, 0, 0, 0, 0, 0),
(0000637, 0, 0, 0, 0, 0, 0, 0, 0),
(0000638, 0, 0, 0, 0, 0, 0, 0, 0),
(0000639, 0, 0, 0, 0, 0, 0, 0, 0),
(0000640, 0, 0, 0, 0, 0, 0, 0, 0),
(0000641, 0, 0, 0, 0, 0, 0, 0, 0),
(0000642, 0, 0, 0, 0, 0, 0, 0, 0),
(0000643, 0, 0, 0, 0, 0, 0, 0, 0),
(0000644, 0, 0, 0, 0, 0, 0, 0, 0),
(0000645, 0, 0, 0, 0, 0, 0, 0, 0),
(0000646, 0, 0, 0, 0, 0, 0, 0, 0),
(0000647, 0, 0, 0, 0, 0, 0, 0, 0),
(0000648, 0, 0, 0, 0, 0, 0, 0, 0),
(0000649, 0, 0, 0, 0, 0, 0, 0, 0),
(0000650, 0, 0, 0, 0, 0, 0, 0, 0),
(0000651, 0, 0, 0, 0, 0, 0, 0, 0),
(0000652, 0, 0, 0, 0, 0, 0, 0, 0),
(0000653, 0, 0, 0, 0, 0, 0, 0, 0),
(0000654, 0, 0, 0, 0, 0, 0, 0, 0),
(0000655, 0, 0, 0, 0, 0, 0, 0, 0),
(0000656, 0, 0, 0, 0, 0, 0, 0, 0),
(0000657, 0, 0, 0, 0, 0, 0, 0, 0),
(0000658, 0, 0, 0, 0, 0, 0, 0, 0),
(0000659, 0, 0, 0, 0, 0, 0, 0, 0),
(0000660, 0, 0, 0, 0, 0, 0, 0, 0),
(0000661, 0, 0, 0, 0, 0, 0, 0, 0),
(0000662, 0, 0, 0, 0, 0, 0, 0, 0),
(0000663, 0, 0, 0, 0, 0, 0, 0, 0),
(0000664, 0, 0, 0, 0, 0, 0, 0, 0),
(0000665, 0, 0, 0, 0, 0, 0, 0, 0),
(0000666, 2, 1, 1, 0, 0, 0, 0, 0),
(0000667, 0, 0, 0, 0, 0, 0, 0, 0),
(0000668, 0, 0, 0, 0, 0, 0, 0, 0),
(0000669, 0, 0, 0, 0, 0, 0, 0, 0),
(0000670, 1, 1, 0, 0, 0, 0, 0, 0),
(0000671, 0, 0, 0, 0, 0, 0, 0, 0),
(0000672, 0, 0, 0, 0, 0, 0, 0, 0),
(0000673, 0, 0, 0, 0, 0, 0, 0, 0),
(0000674, 0, 0, 0, 0, 0, 0, 0, 0),
(0000675, 0, 0, 0, 0, 0, 0, 0, 0),
(0000676, 1, 1, 0, 0, 0, 0, 0, 0),
(0000677, 0, 0, 0, 0, 0, 0, 0, 0),
(0000678, 0, 0, 0, 0, 0, 0, 0, 0),
(0000679, 0, 0, 0, 0, 0, 0, 0, 0),
(0000680, 0, 0, 0, 0, 0, 0, 0, 0),
(0000681, 0, 0, 0, 0, 0, 0, 0, 0),
(0000682, 0, 0, 0, 0, 0, 0, 0, 0),
(0000683, 0, 0, 0, 0, 0, 0, 0, 0),
(0000684, 0, 0, 0, 0, 0, 0, 0, 0),
(0000685, 0, 0, 0, 0, 0, 0, 0, 0),
(0000686, 0, 0, 0, 0, 0, 0, 0, 0),
(0000687, 0, 0, 0, 0, 0, 0, 0, 0),
(0000688, 0, 0, 0, 0, 0, 0, 0, 0),
(0000689, 0, 0, 0, 0, 0, 0, 0, 0),
(0000690, 0, 0, 0, 0, 0, 0, 0, 0),
(0000691, 0, 0, 0, 0, 0, 0, 0, 0),
(0000692, 0, 0, 0, 0, 0, 0, 0, 0),
(0000693, 0, 0, 0, 0, 0, 0, 0, 0),
(0000694, 0, 0, 0, 0, 0, 0, 0, 0),
(0000695, 0, 0, 0, 0, 0, 0, 0, 0),
(0000696, 0, 0, 0, 0, 0, 0, 0, 0),
(0000697, 0, 0, 0, 0, 0, 0, 0, 0),
(0000698, 0, 0, 0, 0, 0, 0, 0, 0),
(0000699, 0, 0, 0, 0, 0, 0, 0, 0),
(0000700, 0, 0, 0, 0, 0, 0, 0, 0),
(0000701, 0, 0, 0, 0, 0, 0, 0, 0),
(0000702, 0, 0, 0, 0, 0, 0, 0, 0),
(0000703, 0, 0, 0, 0, 0, 0, 0, 0),
(0000704, 0, 0, 0, 0, 0, 0, 0, 0),
(0000705, 0, 0, 0, 0, 0, 0, 0, 0),
(0000706, 0, 0, 0, 0, 0, 0, 0, 0),
(0000707, 0, 0, 0, 0, 0, 0, 0, 0),
(0000708, 0, 0, 0, 0, 0, 0, 0, 0),
(0000709, 0, 0, 0, 0, 0, 0, 0, 0),
(0000710, 0, 0, 0, 0, 0, 0, 0, 0),
(0000711, 0, 0, 0, 0, 0, 0, 0, 0),
(0000712, 0, 0, 0, 0, 0, 0, 0, 0),
(0000713, 0, 0, 0, 0, 0, 0, 0, 0),
(0000714, 0, 0, 0, 0, 0, 0, 0, 0),
(0000715, 0, 0, 0, 0, 0, 0, 0, 0),
(0000716, 0, 0, 0, 0, 0, 0, 0, 0),
(0000717, 0, 0, 0, 0, 0, 0, 0, 0),
(0000718, 0, 0, 0, 0, 0, 0, 0, 0),
(0000719, 0, 0, 0, 0, 0, 0, 0, 0),
(0000720, 0, 0, 0, 0, 0, 0, 0, 0),
(0000721, 0, 0, 0, 0, 0, 0, 0, 0),
(0000722, 0, 0, 0, 0, 0, 0, 0, 0),
(0000723, 0, 0, 0, 0, 0, 0, 0, 0),
(0000724, 0, 0, 0, 0, 0, 0, 0, 0),
(0000725, 0, 0, 0, 0, 0, 0, 0, 0),
(0000726, 0, 0, 0, 0, 0, 0, 0, 0),
(0000727, 0, 0, 0, 0, 0, 0, 0, 0),
(0000728, 0, 0, 0, 0, 0, 0, 0, 0),
(0000729, 0, 0, 0, 0, 0, 0, 0, 0),
(0000730, 0, 0, 0, 0, 0, 0, 0, 0),
(0000731, 0, 0, 0, 0, 0, 0, 0, 0),
(0000732, 0, 0, 0, 0, 0, 0, 0, 0),
(0000733, 0, 0, 0, 0, 0, 0, 0, 0),
(0000734, 0, 0, 0, 0, 0, 0, 0, 0),
(0000735, 0, 0, 0, 0, 0, 0, 0, 0),
(0000736, 0, 0, 0, 0, 0, 0, 0, 0),
(0000737, 0, 0, 0, 0, 0, 0, 0, 0),
(0000738, 0, 0, 0, 0, 0, 0, 0, 0),
(0000739, 0, 0, 0, 0, 0, 0, 0, 0),
(0000740, 0, 0, 0, 0, 0, 0, 0, 0),
(0000741, 0, 0, 0, 0, 0, 0, 0, 0),
(0000742, 0, 0, 0, 0, 0, 0, 0, 0),
(0000743, 0, 0, 0, 0, 0, 0, 0, 0),
(0000744, 0, 0, 0, 0, 0, 0, 0, 0),
(0000745, 0, 0, 0, 0, 0, 0, 0, 0),
(0000746, 0, 0, 0, 0, 0, 0, 0, 0),
(0000747, 0, 0, 0, 0, 0, 0, 0, 0),
(0000748, 0, 0, 0, 0, 0, 0, 0, 0),
(0000749, 0, 0, 0, 0, 0, 0, 0, 0),
(0000750, 0, 0, 0, 0, 0, 0, 0, 0),
(0000751, 0, 0, 0, 0, 0, 0, 0, 0),
(0000752, 0, 0, 0, 0, 0, 0, 0, 0),
(0000753, 0, 0, 0, 0, 0, 0, 0, 0),
(0000754, 0, 0, 0, 0, 0, 0, 0, 0),
(0000755, 0, 0, 0, 0, 0, 0, 0, 0),
(0000756, 0, 0, 0, 0, 0, 0, 0, 0),
(0000757, 0, 0, 0, 0, 0, 0, 0, 0),
(0000758, 0, 0, 0, 0, 0, 0, 0, 0),
(0000759, 0, 0, 0, 0, 0, 0, 0, 0),
(0000760, 0, 0, 0, 0, 0, 0, 0, 0),
(0000761, 0, 0, 0, 0, 0, 0, 0, 0),
(0000762, 0, 0, 0, 0, 0, 0, 0, 0),
(0000763, 0, 0, 0, 0, 0, 0, 0, 0),
(0000764, 0, 0, 0, 0, 0, 0, 0, 0),
(0000765, 0, 0, 0, 0, 0, 0, 0, 0),
(0000766, 0, 0, 0, 0, 0, 0, 0, 0),
(0000767, 0, 0, 0, 0, 0, 0, 0, 0),
(0000768, 0, 0, 0, 0, 0, 0, 0, 0),
(0000769, 0, 0, 0, 0, 0, 0, 0, 0),
(0000770, 0, 0, 0, 0, 0, 0, 0, 0),
(0000771, 0, 0, 0, 0, 0, 0, 0, 0),
(0000772, 0, 0, 0, 0, 0, 0, 0, 0),
(0000773, 0, 0, 0, 0, 0, 0, 0, 0),
(0000774, 0, 0, 0, 0, 0, 0, 0, 0),
(0000775, 0, 0, 0, 0, 0, 0, 0, 0),
(0000776, 0, 0, 0, 0, 0, 0, 0, 0),
(0000777, 0, 0, 0, 0, 0, 0, 0, 0),
(0000778, 0, 0, 0, 0, 0, 0, 0, 0),
(0000779, 0, 0, 0, 0, 0, 0, 0, 0),
(0000780, 0, 0, 0, 0, 0, 0, 0, 0),
(0000781, 0, 0, 0, 0, 0, 0, 0, 0),
(0000782, 0, 0, 0, 0, 0, 0, 0, 0),
(0000783, 0, 0, 0, 0, 0, 0, 0, 0),
(0000784, 0, 0, 0, 0, 0, 0, 0, 0),
(0000785, 0, 0, 0, 0, 0, 0, 0, 0),
(0000786, 0, 0, 0, 0, 0, 0, 0, 0),
(0000787, 0, 0, 0, 0, 0, 0, 0, 0),
(0000788, 0, 0, 0, 0, 0, 0, 0, 0),
(0000789, 0, 0, 0, 0, 0, 0, 0, 0),
(0000790, 0, 0, 0, 0, 0, 0, 0, 0),
(0000791, 0, 0, 0, 0, 0, 0, 0, 0),
(0000792, 0, 0, 0, 0, 0, 0, 0, 0),
(0000793, 0, 0, 0, 0, 0, 0, 0, 0),
(0000794, 0, 0, 0, 0, 0, 0, 0, 0),
(0000795, 0, 0, 0, 0, 0, 0, 0, 0),
(0000796, 0, 0, 0, 0, 0, 0, 0, 0),
(0000797, 0, 0, 0, 0, 0, 0, 0, 0),
(0000798, 0, 0, 0, 0, 0, 0, 0, 0),
(0000799, 0, 0, 0, 0, 0, 0, 0, 0),
(0000800, 0, 0, 0, 0, 0, 0, 0, 0),
(0000801, 0, 0, 0, 0, 0, 0, 0, 0),
(0000802, 0, 0, 0, 0, 0, 0, 0, 0),
(0000803, 0, 0, 0, 0, 0, 0, 0, 0),
(0000804, 0, 0, 0, 0, 0, 0, 0, 0),
(0000805, 0, 0, 0, 0, 0, 0, 0, 0),
(0000806, 0, 0, 0, 0, 0, 0, 0, 0),
(0000807, 0, 0, 0, 0, 0, 0, 0, 0),
(0000808, 0, 0, 0, 0, 0, 0, 0, 0),
(0000809, 0, 0, 0, 0, 0, 0, 0, 0),
(0000810, 0, 0, 0, 0, 0, 0, 0, 0),
(0000811, 0, 0, 0, 0, 0, 0, 0, 0),
(0000812, 0, 0, 0, 0, 0, 0, 0, 0),
(0000813, 0, 0, 0, 0, 0, 0, 0, 0),
(0000814, 0, 0, 0, 0, 0, 0, 0, 0),
(0000815, 0, 0, 0, 0, 0, 0, 0, 0),
(0000816, 0, 0, 0, 0, 0, 0, 0, 0),
(0000817, 0, 0, 0, 0, 0, 0, 0, 0),
(0000818, 0, 0, 0, 0, 0, 0, 0, 0),
(0000819, 0, 0, 0, 0, 0, 0, 0, 0),
(0000820, 0, 0, 0, 0, 0, 0, 0, 0),
(0000821, 0, 0, 0, 0, 0, 0, 0, 0),
(0000822, 0, 0, 0, 0, 0, 0, 0, 0),
(0000823, 0, 0, 0, 0, 0, 0, 0, 0),
(0000824, 0, 0, 0, 0, 0, 0, 0, 0),
(0000825, 0, 0, 0, 0, 0, 0, 0, 0),
(0000826, 0, 0, 0, 0, 0, 0, 0, 0),
(0000827, 0, 0, 0, 0, 0, 0, 0, 0),
(0000828, 0, 0, 0, 0, 0, 0, 0, 0),
(0000829, 0, 0, 0, 0, 0, 0, 0, 0),
(0000830, 0, 0, 0, 0, 0, 0, 0, 0),
(0000831, 0, 0, 0, 0, 0, 0, 0, 0),
(0000832, 0, 0, 0, 0, 0, 0, 0, 0),
(0000833, 0, 0, 0, 0, 0, 0, 0, 0),
(0000834, 0, 0, 0, 0, 0, 0, 0, 0),
(0000835, 0, 0, 0, 0, 0, 0, 0, 0),
(0000836, 0, 0, 0, 0, 0, 0, 0, 0),
(0000837, 0, 0, 0, 0, 0, 0, 0, 0),
(0000838, 0, 0, 0, 0, 0, 0, 0, 0),
(0000839, 0, 0, 0, 0, 0, 0, 0, 0),
(0000840, 0, 0, 0, 0, 0, 0, 0, 0),
(0000841, 0, 0, 0, 0, 0, 0, 0, 0),
(0000842, 0, 0, 0, 0, 0, 0, 0, 0),
(0000843, 0, 0, 0, 0, 0, 0, 0, 0),
(0000844, 0, 0, 0, 0, 0, 0, 0, 0),
(0000845, 0, 0, 0, 0, 0, 0, 0, 0),
(0000846, 0, 0, 0, 0, 0, 0, 0, 0),
(0000847, 0, 0, 0, 0, 0, 0, 0, 0),
(0000848, 0, 0, 0, 0, 0, 0, 0, 0),
(0000849, 0, 0, 0, 0, 0, 0, 0, 0),
(0000850, 0, 0, 0, 0, 0, 0, 0, 0),
(0000851, 0, 0, 0, 0, 0, 0, 0, 0),
(0000852, 0, 0, 0, 0, 0, 0, 0, 0),
(0000853, 0, 0, 0, 0, 0, 0, 0, 0),
(0000854, 0, 0, 0, 0, 0, 0, 0, 0),
(0000855, 0, 0, 0, 0, 0, 0, 0, 0),
(0000856, 0, 0, 0, 0, 0, 0, 0, 0),
(0000857, 0, 0, 0, 0, 0, 0, 0, 0),
(0000858, 0, 0, 0, 0, 0, 0, 0, 0),
(0000859, 0, 0, 0, 0, 0, 0, 0, 0),
(0000860, 0, 0, 0, 0, 0, 0, 0, 0),
(0000861, 0, 0, 0, 0, 0, 0, 0, 0),
(0000862, 0, 0, 0, 0, 0, 0, 0, 0),
(0000863, 0, 0, 0, 0, 0, 0, 0, 0),
(0000864, 0, 0, 0, 0, 0, 0, 0, 0),
(0000865, 0, 0, 0, 0, 0, 0, 0, 0),
(0000866, 0, 0, 0, 0, 0, 0, 0, 0),
(0000867, 0, 0, 0, 0, 0, 0, 0, 0),
(0000868, 0, 0, 0, 0, 0, 0, 0, 0),
(0000869, 0, 0, 0, 0, 0, 0, 0, 0),
(0000870, 0, 0, 0, 0, 0, 0, 0, 0),
(0000871, 0, 0, 0, 0, 0, 0, 0, 0),
(0000872, 0, 0, 0, 0, 0, 0, 0, 0),
(0000873, 0, 0, 0, 0, 0, 0, 0, 0),
(0000874, 0, 0, 0, 0, 0, 0, 0, 0),
(0000875, 0, 0, 0, 0, 0, 0, 0, 0),
(0000876, 0, 0, 0, 0, 0, 0, 0, 0),
(0000877, 0, 0, 0, 0, 0, 0, 0, 0),
(0000878, 0, 0, 0, 0, 0, 0, 0, 0),
(0000879, 0, 0, 0, 0, 0, 0, 0, 0),
(0000880, 0, 0, 0, 0, 0, 0, 0, 0),
(0000881, 0, 0, 0, 0, 0, 0, 0, 0),
(0000882, 0, 0, 0, 0, 0, 0, 0, 0),
(0000883, 0, 0, 0, 0, 0, 0, 0, 0),
(0000884, 0, 0, 0, 0, 0, 0, 0, 0),
(0000885, 0, 0, 0, 0, 0, 0, 0, 0),
(0000886, 0, 0, 0, 0, 0, 0, 0, 0),
(0000887, 0, 0, 0, 0, 0, 0, 0, 0),
(0000888, 0, 0, 0, 0, 0, 0, 0, 0),
(0000889, 0, 0, 0, 0, 0, 0, 0, 0),
(0000890, 0, 0, 0, 0, 0, 0, 0, 0),
(0000891, 0, 0, 0, 0, 0, 0, 0, 0),
(0000892, 0, 0, 0, 0, 0, 0, 0, 0),
(0000893, 0, 0, 0, 0, 0, 0, 0, 0),
(0000894, 0, 0, 0, 0, 0, 0, 0, 0),
(0000895, 0, 0, 0, 0, 0, 0, 0, 0),
(0000896, 0, 0, 0, 0, 0, 0, 0, 0),
(0000897, 0, 0, 0, 0, 0, 0, 0, 0),
(0000898, 0, 0, 0, 0, 0, 0, 0, 0),
(0000899, 0, 0, 0, 0, 0, 0, 0, 0),
(0000900, 0, 0, 0, 0, 0, 0, 0, 0),
(0000901, 0, 0, 0, 0, 0, 0, 0, 0),
(0000902, 0, 0, 0, 0, 0, 0, 0, 0),
(0000903, 0, 0, 0, 0, 0, 0, 0, 0),
(0000904, 0, 0, 0, 0, 0, 0, 0, 0),
(0000905, 0, 0, 0, 0, 0, 0, 0, 0),
(0000906, 0, 0, 0, 0, 0, 0, 0, 0),
(0000907, 0, 0, 0, 0, 0, 0, 0, 0),
(0000908, 0, 0, 0, 0, 0, 0, 0, 0),
(0000909, 0, 0, 0, 0, 0, 0, 0, 0),
(0000910, 0, 0, 0, 0, 0, 0, 0, 0),
(0000911, 0, 0, 0, 0, 0, 0, 0, 0),
(0000912, 0, 0, 0, 0, 0, 0, 0, 0),
(0000913, 0, 0, 0, 0, 0, 0, 0, 0),
(0000914, 0, 0, 0, 0, 0, 0, 0, 0),
(0000915, 0, 0, 0, 0, 0, 0, 0, 0),
(0000916, 0, 0, 0, 0, 0, 0, 0, 0),
(0000917, 0, 0, 0, 0, 0, 0, 0, 0),
(0000918, 0, 0, 0, 0, 0, 0, 0, 0),
(0000919, 0, 0, 0, 0, 0, 0, 0, 0),
(0000920, 0, 0, 0, 0, 0, 0, 0, 0),
(0000921, 0, 0, 0, 0, 0, 0, 0, 0),
(0000922, 0, 0, 0, 0, 0, 0, 0, 0),
(0000923, 0, 0, 0, 0, 0, 0, 0, 0),
(0000924, 0, 0, 0, 0, 0, 0, 0, 0),
(0000925, 0, 0, 0, 0, 0, 0, 0, 0),
(0000926, 0, 0, 0, 0, 0, 0, 0, 0),
(0000927, 0, 0, 0, 0, 0, 0, 0, 0),
(0000928, 0, 0, 0, 0, 0, 0, 0, 0),
(0000929, 0, 0, 0, 0, 0, 0, 0, 0),
(0000930, 0, 0, 0, 0, 0, 0, 0, 0),
(0000931, 0, 0, 0, 0, 0, 0, 0, 0),
(0000932, 0, 0, 0, 0, 0, 0, 0, 0),
(0000933, 0, 0, 0, 0, 0, 0, 0, 0),
(0000934, 0, 0, 0, 0, 0, 0, 0, 0),
(0000935, 0, 0, 0, 0, 0, 0, 0, 0),
(0000936, 0, 0, 0, 0, 0, 0, 0, 0),
(0000937, 0, 0, 0, 0, 0, 0, 0, 0),
(0000938, 0, 0, 0, 0, 0, 0, 0, 0),
(0000939, 0, 0, 0, 0, 0, 0, 0, 0),
(0000940, 0, 0, 0, 0, 0, 0, 0, 0),
(0000941, 0, 0, 0, 0, 0, 0, 0, 0),
(0000942, 0, 0, 0, 0, 0, 0, 0, 0),
(0000943, 0, 0, 0, 0, 0, 0, 0, 0),
(0000944, 0, 0, 0, 0, 0, 0, 0, 0),
(0000945, 0, 0, 0, 0, 0, 0, 0, 0),
(0000946, 0, 0, 0, 0, 0, 0, 0, 0),
(0000947, 0, 0, 0, 0, 0, 0, 0, 0),
(0000948, 0, 0, 0, 0, 0, 0, 0, 0),
(0000949, 0, 0, 0, 0, 0, 0, 0, 0),
(0000950, 0, 0, 0, 0, 0, 0, 0, 0),
(0000951, 0, 0, 0, 0, 0, 0, 0, 0),
(0000952, 0, 0, 0, 0, 0, 0, 0, 0),
(0000953, 0, 0, 0, 0, 0, 0, 0, 0),
(0000954, 0, 0, 0, 0, 0, 0, 0, 0),
(0000955, 0, 0, 0, 0, 0, 0, 0, 0),
(0000956, 0, 0, 0, 0, 0, 0, 0, 0),
(0000957, 0, 0, 0, 0, 0, 0, 0, 0),
(0000958, 0, 0, 0, 0, 0, 0, 0, 0),
(0000959, 0, 0, 0, 0, 0, 0, 0, 0),
(0000960, 0, 0, 0, 0, 0, 0, 0, 0),
(0000961, 0, 0, 0, 0, 0, 0, 0, 0),
(0000962, 0, 0, 0, 0, 0, 0, 0, 0),
(0000963, 0, 0, 0, 0, 0, 0, 0, 0),
(0000964, 0, 0, 0, 0, 0, 0, 0, 0),
(0000965, 0, 0, 0, 0, 0, 0, 0, 0),
(0000966, 0, 0, 0, 0, 0, 0, 0, 0),
(0000967, 0, 0, 0, 0, 0, 0, 0, 0),
(0000968, 0, 0, 0, 0, 0, 0, 0, 0),
(0000969, 0, 0, 0, 0, 0, 0, 0, 0),
(0000970, 0, 0, 0, 0, 0, 0, 0, 0),
(0000971, 0, 0, 0, 0, 0, 0, 0, 0),
(0000972, 0, 0, 0, 0, 0, 0, 0, 0),
(0000973, 0, 0, 0, 0, 0, 0, 0, 0),
(0000974, 0, 0, 0, 0, 0, 0, 0, 0),
(0000975, 0, 0, 0, 0, 0, 0, 0, 0),
(0000976, 0, 0, 0, 0, 0, 0, 0, 0),
(0000977, 0, 0, 0, 0, 0, 0, 0, 0),
(0000978, 0, 0, 0, 0, 0, 0, 0, 0),
(0000979, 0, 0, 0, 0, 0, 0, 0, 0),
(0000980, 0, 0, 0, 0, 0, 0, 0, 0),
(0000981, 0, 0, 0, 0, 0, 0, 0, 0),
(0000982, 0, 0, 0, 0, 0, 0, 0, 0),
(0000983, 0, 0, 0, 0, 0, 0, 0, 0),
(0000984, 0, 0, 0, 0, 0, 0, 0, 0),
(0000985, 0, 0, 0, 0, 0, 0, 0, 0),
(0000986, 0, 0, 0, 0, 0, 0, 0, 0),
(0000987, 0, 0, 0, 0, 0, 0, 0, 0),
(0000988, 0, 0, 0, 0, 0, 0, 0, 0),
(0000989, 0, 0, 0, 0, 0, 0, 0, 0),
(0000990, 0, 0, 0, 0, 0, 0, 0, 0),
(0000991, 0, 0, 0, 0, 0, 0, 0, 0),
(0000992, 0, 0, 0, 0, 0, 0, 0, 0),
(0000993, 0, 0, 0, 0, 0, 0, 0, 0),
(0000994, 0, 0, 0, 0, 0, 0, 0, 0),
(0000995, 0, 0, 0, 0, 0, 0, 0, 0),
(0000996, 0, 0, 0, 0, 0, 0, 0, 0),
(0000997, 0, 0, 0, 0, 0, 0, 0, 0),
(0000998, 0, 0, 0, 0, 0, 0, 0, 0),
(0000999, 0, 0, 0, 0, 0, 0, 0, 0),
(0001000, 0, 0, 0, 0, 0, 0, 0, 0);

/*!40101 SET CHARACTER_SET_CLIENT=@OLD_CHARACTER_SET_CLIENT */;
/*!40101 SET CHARACTER_SET_RESULTS=@OLD_CHARACTER_SET_RESULTS */;
/*!40101 SET COLLATION_CONNECTION=@OLD_COLLATION_CONNECTION */;
